<annotation>
	<folder></folder>
	<filename>-k7cp4zzup8_jpg.rf.08835f650b00915e159fbf78c7e07a80.jpg</filename>
	<path>-k7cp4zzup8_jpg.rf.08835f650b00915e159fbf78c7e07a80.jpg</path>
	<source>
		<database>roboflow.ai</database>
	</source>
	<size>
		<width>1024</width>
		<height>768</height>
		<depth>3</depth>
	</size>
	<segmented>0</segmented>
	<object>
		<name>Light</name>
		<pose>Unspecified</pose>
		<truncated>0</truncated>
		<difficult>0</difficult>
		<occluded>0</occluded>
		<bndbox>
			<xmin>371</xmin>
			<xmax>572</xmax>
			<ymin>62</ymin>
			<ymax>192</ymax>
		</bndbox>
	</object>
</annotation>
