<annotation>
	<folder></folder>
	<filename>-k7cp4zzup8_jpg.rf.a86fc79225832c5e58247b7946507ec9.jpg</filename>
	<path>-k7cp4zzup8_jpg.rf.a86fc79225832c5e58247b7946507ec9.jpg</path>
	<source>
		<database>roboflow.ai</database>
	</source>
	<size>
		<width>1024</width>
		<height>768</height>
		<depth>3</depth>
	</size>
	<segmented>0</segmented>
	<object>
		<name>Light</name>
		<pose>Unspecified</pose>
		<truncated>0</truncated>
		<difficult>0</difficult>
		<occluded>0</occluded>
		<bndbox>
			<xmin>650</xmin>
			<xmax>855</xmax>
			<ymin>444</ymin>
			<ymax>659</ymax>
		</bndbox>
	</object>
</annotation>
