<annotation>
	<folder></folder>
	<filename>48NkH4QeYOIrNbR8iOgANr9VnTblH7qZNFCbKylb_jpeg.rf.3f91e107907d3bb6493ea535736813df.jpg</filename>
	<path>48NkH4QeYOIrNbR8iOgANr9VnTblH7qZNFCbKylb_jpeg.rf.3f91e107907d3bb6493ea535736813df.jpg</path>
	<source>
		<database>roboflow.ai</database>
	</source>
	<size>
		<width>1000</width>
		<height>750</height>
		<depth>3</depth>
	</size>
	<segmented>0</segmented>
	<object>
		<name>C_arm</name>
		<pose>Unspecified</pose>
		<truncated>0</truncated>
		<difficult>0</difficult>
		<occluded>0</occluded>
		<bndbox>
			<xmin>260</xmin>
			<xmax>998</xmax>
			<ymin>6</ymin>
			<ymax>746</ymax>
		</bndbox>
	</object>
	<object>
		<name>Bed</name>
		<pose>Unspecified</pose>
		<truncated>0</truncated>
		<difficult>0</difficult>
		<occluded>0</occluded>
		<bndbox>
			<xmin>590</xmin>
			<xmax>994</xmax>
			<ymin>339</ymin>
			<ymax>600</ymax>
		</bndbox>
	</object>
</annotation>
