<annotation>
	<folder></folder>
	<filename>48NkH4QeYOIrNbR8iOgANr9VnTblH7qZNFCbKylb_jpeg.rf.dfe896a8ab6a371ae9207124557de1da.jpg</filename>
	<path>48NkH4QeYOIrNbR8iOgANr9VnTblH7qZNFCbKylb_jpeg.rf.dfe896a8ab6a371ae9207124557de1da.jpg</path>
	<source>
		<database>roboflow.ai</database>
	</source>
	<size>
		<width>1000</width>
		<height>750</height>
		<depth>3</depth>
	</size>
	<segmented>0</segmented>
	<object>
		<name>C_arm</name>
		<pose>Unspecified</pose>
		<truncated>0</truncated>
		<difficult>0</difficult>
		<occluded>0</occluded>
		<bndbox>
			<xmin>79</xmin>
			<xmax>1001</xmax>
			<ymin>11</ymin>
			<ymax>751</ymax>
		</bndbox>
	</object>
	<object>
		<name>Bed</name>
		<pose>Unspecified</pose>
		<truncated>0</truncated>
		<difficult>0</difficult>
		<occluded>0</occluded>
		<bndbox>
			<xmin>430</xmin>
			<xmax>910</xmax>
			<ymin>454</ymin>
			<ymax>751</ymax>
		</bndbox>
	</object>
</annotation>
