<annotation>
	<folder></folder>
	<filename>48NkH4QeYOIrNbR8iOgANr9VnTblH7qZNFCbKylb_jpeg.rf.c822bca4ec74a7d7d08a400e8697526e.jpg</filename>
	<path>48NkH4QeYOIrNbR8iOgANr9VnTblH7qZNFCbKylb_jpeg.rf.c822bca4ec74a7d7d08a400e8697526e.jpg</path>
	<source>
		<database>roboflow.ai</database>
	</source>
	<size>
		<width>1000</width>
		<height>750</height>
		<depth>3</depth>
	</size>
	<segmented>0</segmented>
	<object>
		<name>C_arm</name>
		<pose>Unspecified</pose>
		<truncated>0</truncated>
		<difficult>0</difficult>
		<occluded>0</occluded>
		<bndbox>
			<xmin>1</xmin>
			<xmax>942</xmax>
			<ymin>1</ymin>
			<ymax>751</ymax>
		</bndbox>
	</object>
	<object>
		<name>Bed</name>
		<pose>Unspecified</pose>
		<truncated>0</truncated>
		<difficult>0</difficult>
		<occluded>0</occluded>
		<bndbox>
			<xmin>40</xmin>
			<xmax>474</xmax>
			<ymin>250</ymin>
			<ymax>713</ymax>
		</bndbox>
	</object>
</annotation>
