<annotation>
	<folder></folder>
	<filename>520Keys20to20Proper20Setup20of20Medical20Equipment-1_jpg.rf.b605f0504d0932fd692c1f0ab1064078.jpg</filename>
	<path>520Keys20to20Proper20Setup20of20Medical20Equipment-1_jpg.rf.b605f0504d0932fd692c1f0ab1064078.jpg</path>
	<source>
		<database>roboflow.ai</database>
	</source>
	<size>
		<width>2048</width>
		<height>1395</height>
		<depth>3</depth>
	</size>
	<segmented>0</segmented>
	<object>
		<name>C_arm</name>
		<pose>Unspecified</pose>
		<truncated>0</truncated>
		<difficult>0</difficult>
		<occluded>0</occluded>
		<bndbox>
			<xmin>217</xmin>
			<xmax>810</xmax>
			<ymin>537</ymin>
			<ymax>1127</ymax>
		</bndbox>
	</object>
	<object>
		<name>Bed</name>
		<pose>Unspecified</pose>
		<truncated>0</truncated>
		<difficult>0</difficult>
		<occluded>0</occluded>
		<bndbox>
			<xmin>661</xmin>
			<xmax>1463</xmax>
			<ymin>820</ymin>
			<ymax>1130</ymax>
		</bndbox>
	</object>
	<object>
		<name>Light</name>
		<pose>Unspecified</pose>
		<truncated>0</truncated>
		<difficult>0</difficult>
		<occluded>0</occluded>
		<bndbox>
			<xmin>734</xmin>
			<xmax>951</xmax>
			<ymin>305</ymin>
			<ymax>514</ymax>
		</bndbox>
	</object>
	<object>
		<name>Light</name>
		<pose>Unspecified</pose>
		<truncated>0</truncated>
		<difficult>0</difficult>
		<occluded>0</occluded>
		<bndbox>
			<xmin>1118</xmin>
			<xmax>1327</xmax>
			<ymin>335</ymin>
			<ymax>554</ymax>
		</bndbox>
	</object>
</annotation>
