<annotation>
	<folder></folder>
	<filename>520Keys20to20Proper20Setup20of20Medical20Equipment-1_jpg.rf.fe2afb73e07d217543aa802fb3e2e0e1.jpg</filename>
	<path>520Keys20to20Proper20Setup20of20Medical20Equipment-1_jpg.rf.fe2afb73e07d217543aa802fb3e2e0e1.jpg</path>
	<source>
		<database>roboflow.ai</database>
	</source>
	<size>
		<width>2048</width>
		<height>1395</height>
		<depth>3</depth>
	</size>
	<segmented>0</segmented>
	<object>
		<name>C_arm</name>
		<pose>Unspecified</pose>
		<truncated>0</truncated>
		<difficult>0</difficult>
		<occluded>0</occluded>
		<bndbox>
			<xmin>338</xmin>
			<xmax>1160</xmax>
			<ymin>658</ymin>
			<ymax>1352</ymax>
		</bndbox>
	</object>
	<object>
		<name>Bed</name>
		<pose>Unspecified</pose>
		<truncated>0</truncated>
		<difficult>0</difficult>
		<occluded>0</occluded>
		<bndbox>
			<xmin>757</xmin>
			<xmax>1613</xmax>
			<ymin>291</ymin>
			<ymax>1143</ymax>
		</bndbox>
	</object>
	<object>
		<name>Light</name>
		<pose>Unspecified</pose>
		<truncated>0</truncated>
		<difficult>0</difficult>
		<occluded>0</occluded>
		<bndbox>
			<xmin>453</xmin>
			<xmax>781</xmax>
			<ymin>444</ymin>
			<ymax>770</ymax>
		</bndbox>
	</object>
	<object>
		<name>Light</name>
		<pose>Unspecified</pose>
		<truncated>0</truncated>
		<difficult>0</difficult>
		<occluded>0</occluded>
		<bndbox>
			<xmin>737</xmin>
			<xmax>1067</xmax>
			<ymin>136</ymin>
			<ymax>464</ymax>
		</bndbox>
	</object>
</annotation>
