<annotation>
	<folder></folder>
	<filename>520Kpodonu_pg2030_Fig202_png.rf.95dd7f5e3b2a8a53e348da5d17acb7f4.jpg</filename>
	<path>520Kpodonu_pg2030_Fig202_png.rf.95dd7f5e3b2a8a53e348da5d17acb7f4.jpg</path>
	<source>
		<database>roboflow.ai</database>
	</source>
	<size>
		<width>407</width>
		<height>375</height>
		<depth>3</depth>
	</size>
	<segmented>0</segmented>
	<object>
		<name>C_arm</name>
		<pose>Unspecified</pose>
		<truncated>0</truncated>
		<difficult>0</difficult>
		<occluded>0</occluded>
		<bndbox>
			<xmin>1</xmin>
			<xmax>297</xmax>
			<ymin>62</ymin>
			<ymax>372</ymax>
		</bndbox>
	</object>
	<object>
		<name>Bed</name>
		<pose>Unspecified</pose>
		<truncated>0</truncated>
		<difficult>0</difficult>
		<occluded>0</occluded>
		<bndbox>
			<xmin>99</xmin>
			<xmax>351</xmax>
			<ymin>1</ymin>
			<ymax>200</ymax>
		</bndbox>
	</object>
</annotation>
