<annotation>
	<folder></folder>
	<filename>520Kpodonu_pg2030_Fig202_png.rf.b101ee2555dfc200ca2a8e28cb7b80b1.jpg</filename>
	<path>520Kpodonu_pg2030_Fig202_png.rf.b101ee2555dfc200ca2a8e28cb7b80b1.jpg</path>
	<source>
		<database>roboflow.ai</database>
	</source>
	<size>
		<width>407</width>
		<height>375</height>
		<depth>3</depth>
	</size>
	<segmented>0</segmented>
	<object>
		<name>C_arm</name>
		<pose>Unspecified</pose>
		<truncated>0</truncated>
		<difficult>0</difficult>
		<occluded>0</occluded>
		<bndbox>
			<xmin>10</xmin>
			<xmax>236</xmax>
			<ymin>70</ymin>
			<ymax>301</ymax>
		</bndbox>
	</object>
	<object>
		<name>Bed</name>
		<pose>Unspecified</pose>
		<truncated>0</truncated>
		<difficult>0</difficult>
		<occluded>0</occluded>
		<bndbox>
			<xmin>166</xmin>
			<xmax>407</xmax>
			<ymin>161</ymin>
			<ymax>243</ymax>
		</bndbox>
	</object>
</annotation>
