<annotation>
	<folder></folder>
	<filename>520Keys20to20Proper20Setup20of20Medical20Equipment-1_jpg.rf.456cbec8c64f9ba196077c15fb52ad00.jpg</filename>
	<path>520Keys20to20Proper20Setup20of20Medical20Equipment-1_jpg.rf.456cbec8c64f9ba196077c15fb52ad00.jpg</path>
	<source>
		<database>roboflow.ai</database>
	</source>
	<size>
		<width>2048</width>
		<height>1395</height>
		<depth>3</depth>
	</size>
	<segmented>0</segmented>
	<object>
		<name>C_arm</name>
		<pose>Unspecified</pose>
		<truncated>0</truncated>
		<difficult>0</difficult>
		<occluded>0</occluded>
		<bndbox>
			<xmin>875</xmin>
			<xmax>1542</xmax>
			<ymin>891</ymin>
			<ymax>1396</ymax>
		</bndbox>
	</object>
	<object>
		<name>Bed</name>
		<pose>Unspecified</pose>
		<truncated>0</truncated>
		<difficult>0</difficult>
		<occluded>0</occluded>
		<bndbox>
			<xmin>958</xmin>
			<xmax>1605</xmax>
			<ymin>352</ymin>
			<ymax>1021</ymax>
		</bndbox>
	</object>
	<object>
		<name>Light</name>
		<pose>Unspecified</pose>
		<truncated>0</truncated>
		<difficult>0</difficult>
		<occluded>0</occluded>
		<bndbox>
			<xmin>629</xmin>
			<xmax>874</xmax>
			<ymin>834</ymin>
			<ymax>1095</ymax>
		</bndbox>
	</object>
	<object>
		<name>Light</name>
		<pose>Unspecified</pose>
		<truncated>0</truncated>
		<difficult>0</difficult>
		<occluded>0</occluded>
		<bndbox>
			<xmin>609</xmin>
			<xmax>858</xmax>
			<ymin>453</ymin>
			<ymax>711</ymax>
		</bndbox>
	</object>
</annotation>
