<annotation>
	<folder></folder>
	<filename>520Kpodonu_pg2030_Fig202_png.rf.1f6a679b778412b63a7798d2624b830d.jpg</filename>
	<path>520Kpodonu_pg2030_Fig202_png.rf.1f6a679b778412b63a7798d2624b830d.jpg</path>
	<source>
		<database>roboflow.ai</database>
	</source>
	<size>
		<width>407</width>
		<height>375</height>
		<depth>3</depth>
	</size>
	<segmented>0</segmented>
	<object>
		<name>C_arm</name>
		<pose>Unspecified</pose>
		<truncated>0</truncated>
		<difficult>0</difficult>
		<occluded>0</occluded>
		<bndbox>
			<xmin>81</xmin>
			<xmax>408</xmax>
			<ymin>14</ymin>
			<ymax>337</ymax>
		</bndbox>
	</object>
	<object>
		<name>Bed</name>
		<pose>Unspecified</pose>
		<truncated>0</truncated>
		<difficult>0</difficult>
		<occluded>0</occluded>
		<bndbox>
			<xmin>17</xmin>
			<xmax>253</xmax>
			<ymin>139</ymin>
			<ymax>376</ymax>
		</bndbox>
	</object>
</annotation>
