<annotation>
	<folder></folder>
	<filename>5d008b6e5b152_jpg.rf.780e565d0b2bcbb7f0e6824a1fb1e5f4.jpg</filename>
	<path>5d008b6e5b152_jpg.rf.780e565d0b2bcbb7f0e6824a1fb1e5f4.jpg</path>
	<source>
		<database>roboflow.ai</database>
	</source>
	<size>
		<width>800</width>
		<height>745</height>
		<depth>3</depth>
	</size>
	<segmented>0</segmented>
	<object>
		<name>Bed</name>
		<pose>Unspecified</pose>
		<truncated>0</truncated>
		<difficult>0</difficult>
		<occluded>0</occluded>
		<bndbox>
			<xmin>1</xmin>
			<xmax>801</xmax>
			<ymin>1</ymin>
			<ymax>746</ymax>
		</bndbox>
	</object>
</annotation>
