<annotation>
	<folder></folder>
	<filename>63899225c5ac5d0001efaf3e_jpg.rf.cae80ecb146fd49c6ec9c657e44b18b7.jpg</filename>
	<path>63899225c5ac5d0001efaf3e_jpg.rf.cae80ecb146fd49c6ec9c657e44b18b7.jpg</path>
	<source>
		<database>roboflow.ai</database>
	</source>
	<size>
		<width>1024</width>
		<height>683</height>
		<depth>3</depth>
	</size>
	<segmented>0</segmented>
	<object>
		<name>C_arm</name>
		<pose>Unspecified</pose>
		<truncated>0</truncated>
		<difficult>0</difficult>
		<occluded>0</occluded>
		<bndbox>
			<xmin>444</xmin>
			<xmax>855</xmax>
			<ymin>276</ymin>
			<ymax>660</ymax>
		</bndbox>
	</object>
	<object>
		<name>Bed</name>
		<pose>Unspecified</pose>
		<truncated>0</truncated>
		<difficult>0</difficult>
		<occluded>0</occluded>
		<bndbox>
			<xmin>550</xmin>
			<xmax>876</xmax>
			<ymin>389</ymin>
			<ymax>684</ymax>
		</bndbox>
	</object>
	<object>
		<name>Light</name>
		<pose>Unspecified</pose>
		<truncated>0</truncated>
		<difficult>0</difficult>
		<occluded>0</occluded>
		<bndbox>
			<xmin>508</xmin>
			<xmax>631</xmax>
			<ymin>287</ymin>
			<ymax>401</ymax>
		</bndbox>
	</object>
</annotation>
