<annotation>
	<folder></folder>
	<filename>63899225c5ac5d0001efaf3e_jpg.rf.e3989d002d76682b5ffba71a1c807762.jpg</filename>
	<path>63899225c5ac5d0001efaf3e_jpg.rf.e3989d002d76682b5ffba71a1c807762.jpg</path>
	<source>
		<database>roboflow.ai</database>
	</source>
	<size>
		<width>1024</width>
		<height>683</height>
		<depth>3</depth>
	</size>
	<segmented>0</segmented>
	<object>
		<name>C_arm</name>
		<pose>Unspecified</pose>
		<truncated>0</truncated>
		<difficult>0</difficult>
		<occluded>0</occluded>
		<bndbox>
			<xmin>431</xmin>
			<xmax>595</xmax>
			<ymin>250</ymin>
			<ymax>558</ymax>
		</bndbox>
	</object>
	<object>
		<name>Bed</name>
		<pose>Unspecified</pose>
		<truncated>0</truncated>
		<difficult>0</difficult>
		<occluded>0</occluded>
		<bndbox>
			<xmin>400</xmin>
			<xmax>590</xmax>
			<ymin>392</ymin>
			<ymax>575</ymax>
		</bndbox>
	</object>
	<object>
		<name>Light</name>
		<pose>Unspecified</pose>
		<truncated>0</truncated>
		<difficult>0</difficult>
		<occluded>0</occluded>
		<bndbox>
			<xmin>523</xmin>
			<xmax>609</xmax>
			<ymin>262</ymin>
			<ymax>315</ymax>
		</bndbox>
	</object>
</annotation>
