<annotation>
	<folder></folder>
	<filename>63899225c5ac5d0001efaf3e_jpg.rf.cf345931df2dc9aaa500a3eb587259d3.jpg</filename>
	<path>63899225c5ac5d0001efaf3e_jpg.rf.cf345931df2dc9aaa500a3eb587259d3.jpg</path>
	<source>
		<database>roboflow.ai</database>
	</source>
	<size>
		<width>1024</width>
		<height>683</height>
		<depth>3</depth>
	</size>
	<segmented>0</segmented>
	<object>
		<name>C_arm</name>
		<pose>Unspecified</pose>
		<truncated>0</truncated>
		<difficult>0</difficult>
		<occluded>0</occluded>
		<bndbox>
			<xmin>245</xmin>
			<xmax>599</xmax>
			<ymin>173</ymin>
			<ymax>508</ymax>
		</bndbox>
	</object>
	<object>
		<name>Bed</name>
		<pose>Unspecified</pose>
		<truncated>0</truncated>
		<difficult>0</difficult>
		<occluded>0</occluded>
		<bndbox>
			<xmin>225</xmin>
			<xmax>506</xmax>
			<ymin>152</ymin>
			<ymax>419</ymax>
		</bndbox>
	</object>
	<object>
		<name>Light</name>
		<pose>Unspecified</pose>
		<truncated>0</truncated>
		<difficult>0</difficult>
		<occluded>0</occluded>
		<bndbox>
			<xmin>440</xmin>
			<xmax>539</xmax>
			<ymin>393</ymin>
			<ymax>499</ymax>
		</bndbox>
	</object>
</annotation>
