<annotation>
	<folder></folder>
	<filename>910fig01_jpeg.rf.f46f38d48526e44144dd822dd34a0ff9.jpg</filename>
	<path>910fig01_jpeg.rf.f46f38d48526e44144dd822dd34a0ff9.jpg</path>
	<source>
		<database>roboflow.ai</database>
	</source>
	<size>
		<width>1800</width>
		<height>1348</height>
		<depth>3</depth>
	</size>
	<segmented>0</segmented>
	<object>
		<name>C_arm</name>
		<pose>Unspecified</pose>
		<truncated>0</truncated>
		<difficult>0</difficult>
		<occluded>0</occluded>
		<bndbox>
			<xmin>1175</xmin>
			<xmax>1780</xmax>
			<ymin>305</ymin>
			<ymax>1050</ymax>
		</bndbox>
	</object>
	<object>
		<name>Light</name>
		<pose>Unspecified</pose>
		<truncated>0</truncated>
		<difficult>0</difficult>
		<occluded>0</occluded>
		<bndbox>
			<xmin>33</xmin>
			<xmax>326</xmax>
			<ymin>283</ymin>
			<ymax>458</ymax>
		</bndbox>
	</object>
	<object>
		<name>Light</name>
		<pose>Unspecified</pose>
		<truncated>0</truncated>
		<difficult>0</difficult>
		<occluded>0</occluded>
		<bndbox>
			<xmin>400</xmin>
			<xmax>709</xmax>
			<ymin>206</ymin>
			<ymax>344</ymax>
		</bndbox>
	</object>
	<object>
		<name>Light</name>
		<pose>Unspecified</pose>
		<truncated>0</truncated>
		<difficult>0</difficult>
		<occluded>0</occluded>
		<bndbox>
			<xmin>986</xmin>
			<xmax>1303</xmax>
			<ymin>252</ymin>
			<ymax>413</ymax>
		</bndbox>
	</object>
	<object>
		<name>Bed</name>
		<pose>Unspecified</pose>
		<truncated>0</truncated>
		<difficult>0</difficult>
		<occluded>0</occluded>
		<bndbox>
			<xmin>285</xmin>
			<xmax>808</xmax>
			<ymin>700</ymin>
			<ymax>1341</ymax>
		</bndbox>
	</object>
</annotation>
