<annotation>
	<folder></folder>
	<filename>910fig01_jpeg.rf.eca4db3f68f82df13bffd4afde2bef93.jpg</filename>
	<path>910fig01_jpeg.rf.eca4db3f68f82df13bffd4afde2bef93.jpg</path>
	<source>
		<database>roboflow.ai</database>
	</source>
	<size>
		<width>1800</width>
		<height>1348</height>
		<depth>3</depth>
	</size>
	<segmented>0</segmented>
	<object>
		<name>C_arm</name>
		<pose>Unspecified</pose>
		<truncated>0</truncated>
		<difficult>0</difficult>
		<occluded>0</occluded>
		<bndbox>
			<xmin>673</xmin>
			<xmax>1527</xmax>
			<ymin>855</ymin>
			<ymax>1349</ymax>
		</bndbox>
	</object>
	<object>
		<name>Light</name>
		<pose>Unspecified</pose>
		<truncated>0</truncated>
		<difficult>0</difficult>
		<occluded>0</occluded>
		<bndbox>
			<xmin>835</xmin>
			<xmax>1098</xmax>
			<ymin>74</ymin>
			<ymax>193</ymax>
		</bndbox>
	</object>
	<object>
		<name>Light</name>
		<pose>Unspecified</pose>
		<truncated>0</truncated>
		<difficult>0</difficult>
		<occluded>0</occluded>
		<bndbox>
			<xmin>1007</xmin>
			<xmax>1305</xmax>
			<ymin>151</ymin>
			<ymax>465</ymax>
		</bndbox>
	</object>
	<object>
		<name>Light</name>
		<pose>Unspecified</pose>
		<truncated>0</truncated>
		<difficult>0</difficult>
		<occluded>0</occluded>
		<bndbox>
			<xmin>1193</xmin>
			<xmax>1469</xmax>
			<ymin>704</ymin>
			<ymax>1082</ymax>
		</bndbox>
	</object>
	<object>
		<name>Bed</name>
		<pose>Unspecified</pose>
		<truncated>0</truncated>
		<difficult>0</difficult>
		<occluded>0</occluded>
		<bndbox>
			<xmin>62</xmin>
			<xmax>868</xmax>
			<ymin>114</ymin>
			<ymax>899</ymax>
		</bndbox>
	</object>
</annotation>
