<annotation>
	<folder></folder>
	<filename>AllStatesMedicalEquipmentDistribution-85142-C-Arm-Technology-blogbanner1_1024x_jpg.rf.124ae0afc1c485d5d5f3d620afb1491d.jpg</filename>
	<path>AllStatesMedicalEquipmentDistribution-85142-C-Arm-Technology-blogbanner1_1024x_jpg.rf.124ae0afc1c485d5d5f3d620afb1491d.jpg</path>
	<source>
		<database>roboflow.ai</database>
	</source>
	<size>
		<width>939</width>
		<height>610</height>
		<depth>3</depth>
	</size>
	<segmented>0</segmented>
	<object>
		<name>C_arm</name>
		<pose>Unspecified</pose>
		<truncated>0</truncated>
		<difficult>0</difficult>
		<occluded>0</occluded>
		<bndbox>
			<xmin>7</xmin>
			<xmax>670</xmax>
			<ymin>7</ymin>
			<ymax>606</ymax>
		</bndbox>
	</object>
</annotation>
