<annotation>
	<folder></folder>
	<filename>AllStatesMedicalEquipmentDistribution-85142-C-Arm-Technology-blogbanner1_1024x_jpg.rf.67a5aa5abef4d2983b28f1a0934c9542.jpg</filename>
	<path>AllStatesMedicalEquipmentDistribution-85142-C-Arm-Technology-blogbanner1_1024x_jpg.rf.67a5aa5abef4d2983b28f1a0934c9542.jpg</path>
	<source>
		<database>roboflow.ai</database>
	</source>
	<size>
		<width>939</width>
		<height>610</height>
		<depth>3</depth>
	</size>
	<segmented>0</segmented>
	<object>
		<name>C_arm</name>
		<pose>Unspecified</pose>
		<truncated>0</truncated>
		<difficult>0</difficult>
		<occluded>0</occluded>
		<bndbox>
			<xmin>53</xmin>
			<xmax>940</xmax>
			<ymin>5</ymin>
			<ymax>611</ymax>
		</bndbox>
	</object>
</annotation>
