<annotation>
	<folder></folder>
	<filename>AllStatesMedicalEquipmentDistribution-68050-Care-C-Arm-Machine-blogbanner1_800x_jpg.rf.812ea7f69bff421257e13c3d27a8780e.jpg</filename>
	<path>AllStatesMedicalEquipmentDistribution-68050-Care-C-Arm-Machine-blogbanner1_800x_jpg.rf.812ea7f69bff421257e13c3d27a8780e.jpg</path>
	<source>
		<database>roboflow.ai</database>
	</source>
	<size>
		<width>800</width>
		<height>520</height>
		<depth>3</depth>
	</size>
	<segmented>0</segmented>
	<object>
		<name>Bed</name>
		<pose>Unspecified</pose>
		<truncated>0</truncated>
		<difficult>0</difficult>
		<occluded>0</occluded>
		<bndbox>
			<xmin>78</xmin>
			<xmax>608</xmax>
			<ymin>1</ymin>
			<ymax>432</ymax>
		</bndbox>
	</object>
	<object>
		<name>C_arm</name>
		<pose>Unspecified</pose>
		<truncated>0</truncated>
		<difficult>0</difficult>
		<occluded>0</occluded>
		<bndbox>
			<xmin>275</xmin>
			<xmax>801</xmax>
			<ymin>1</ymin>
			<ymax>340</ymax>
		</bndbox>
	</object>
</annotation>
