<annotation>
	<folder></folder>
	<filename>AllStatesMedicalEquipmentDistribution-68050-Care-C-Arm-Machine-blogbanner1_800x_jpg.rf.9432479695661b84dcaad808e90f5aab.jpg</filename>
	<path>AllStatesMedicalEquipmentDistribution-68050-Care-C-Arm-Machine-blogbanner1_800x_jpg.rf.9432479695661b84dcaad808e90f5aab.jpg</path>
	<source>
		<database>roboflow.ai</database>
	</source>
	<size>
		<width>800</width>
		<height>520</height>
		<depth>3</depth>
	</size>
	<segmented>0</segmented>
	<object>
		<name>Bed</name>
		<pose>Unspecified</pose>
		<truncated>0</truncated>
		<difficult>0</difficult>
		<occluded>0</occluded>
		<bndbox>
			<xmin>191</xmin>
			<xmax>703</xmax>
			<ymin>299</ymin>
			<ymax>466</ymax>
		</bndbox>
	</object>
	<object>
		<name>C_arm</name>
		<pose>Unspecified</pose>
		<truncated>0</truncated>
		<difficult>0</difficult>
		<occluded>0</occluded>
		<bndbox>
			<xmin>25</xmin>
			<xmax>336</xmax>
			<ymin>24</ymin>
			<ymax>484</ymax>
		</bndbox>
	</object>
</annotation>
