<annotation>
	<folder></folder>
	<filename>AllStatesMedicalEquipmentDistribution-68050-Care-C-Arm-Machine-blogbanner1_800x_jpg.rf.b358e82787b7207738b6680d93db176c.jpg</filename>
	<path>AllStatesMedicalEquipmentDistribution-68050-Care-C-Arm-Machine-blogbanner1_800x_jpg.rf.b358e82787b7207738b6680d93db176c.jpg</path>
	<source>
		<database>roboflow.ai</database>
	</source>
	<size>
		<width>800</width>
		<height>520</height>
		<depth>3</depth>
	</size>
	<segmented>0</segmented>
	<object>
		<name>Bed</name>
		<pose>Unspecified</pose>
		<truncated>0</truncated>
		<difficult>0</difficult>
		<occluded>0</occluded>
		<bndbox>
			<xmin>49</xmin>
			<xmax>523</xmax>
			<ymin>140</ymin>
			<ymax>521</ymax>
		</bndbox>
	</object>
	<object>
		<name>C_arm</name>
		<pose>Unspecified</pose>
		<truncated>0</truncated>
		<difficult>0</difficult>
		<occluded>0</occluded>
		<bndbox>
			<xmin>82</xmin>
			<xmax>568</xmax>
			<ymin>14</ymin>
			<ymax>379</ymax>
		</bndbox>
	</object>
</annotation>
