<annotation>
	<folder></folder>
	<filename>C-arm-EA_02-1_jpg.rf.c163ff880f4abea5f8bcc4454a6bc3e7.jpg</filename>
	<path>C-arm-EA_02-1_jpg.rf.c163ff880f4abea5f8bcc4454a6bc3e7.jpg</path>
	<source>
		<database>roboflow.ai</database>
	</source>
	<size>
		<width>870</width>
		<height>470</height>
		<depth>3</depth>
	</size>
	<segmented>0</segmented>
	<object>
		<name>C_arm</name>
		<pose>Unspecified</pose>
		<truncated>0</truncated>
		<difficult>0</difficult>
		<occluded>0</occluded>
		<bndbox>
			<xmin>263</xmin>
			<xmax>625</xmax>
			<ymin>74</ymin>
			<ymax>384</ymax>
		</bndbox>
	</object>
	<object>
		<name>Bed</name>
		<pose>Unspecified</pose>
		<truncated>0</truncated>
		<difficult>0</difficult>
		<occluded>0</occluded>
		<bndbox>
			<xmin>92</xmin>
			<xmax>450</xmax>
			<ymin>89</ymin>
			<ymax>471</ymax>
		</bndbox>
	</object>
	<object>
		<name>Light</name>
		<pose>Unspecified</pose>
		<truncated>0</truncated>
		<difficult>0</difficult>
		<occluded>0</occluded>
		<bndbox>
			<xmin>410</xmin>
			<xmax>528</xmax>
			<ymin>451</ymin>
			<ymax>471</ymax>
		</bndbox>
	</object>
	<object>
		<name>Light</name>
		<pose>Unspecified</pose>
		<truncated>0</truncated>
		<difficult>0</difficult>
		<occluded>0</occluded>
		<bndbox>
			<xmin>528</xmin>
			<xmax>638</xmax>
			<ymin>267</ymin>
			<ymax>397</ymax>
		</bndbox>
	</object>
</annotation>
