<annotation>
	<folder></folder>
	<filename>C-arm-EA_02-1_jpg.rf.0e80cf1470a94297a8d799ae3b226edb.jpg</filename>
	<path>C-arm-EA_02-1_jpg.rf.0e80cf1470a94297a8d799ae3b226edb.jpg</path>
	<source>
		<database>roboflow.ai</database>
	</source>
	<size>
		<width>870</width>
		<height>470</height>
		<depth>3</depth>
	</size>
	<segmented>0</segmented>
	<object>
		<name>C_arm</name>
		<pose>Unspecified</pose>
		<truncated>0</truncated>
		<difficult>0</difficult>
		<occluded>0</occluded>
		<bndbox>
			<xmin>273</xmin>
			<xmax>456</xmax>
			<ymin>90</ymin>
			<ymax>374</ymax>
		</bndbox>
	</object>
	<object>
		<name>Bed</name>
		<pose>Unspecified</pose>
		<truncated>0</truncated>
		<difficult>0</difficult>
		<occluded>0</occluded>
		<bndbox>
			<xmin>340</xmin>
			<xmax>734</xmax>
			<ymin>247</ymin>
			<ymax>458</ymax>
		</bndbox>
	</object>
	<object>
		<name>Light</name>
		<pose>Unspecified</pose>
		<truncated>0</truncated>
		<difficult>0</difficult>
		<occluded>0</occluded>
		<bndbox>
			<xmin>560</xmin>
			<xmax>646</xmax>
			<ymin>41</ymin>
			<ymax>125</ymax>
		</bndbox>
	</object>
	<object>
		<name>Light</name>
		<pose>Unspecified</pose>
		<truncated>0</truncated>
		<difficult>0</difficult>
		<occluded>0</occluded>
		<bndbox>
			<xmin>341</xmin>
			<xmax>442</xmax>
			<ymin>30</ymin>
			<ymax>96</ymax>
		</bndbox>
	</object>
</annotation>
