<annotation>
	<folder></folder>
	<filename>c-arm-scanner-hospital-surgery-white-sterile-room-ray-pointing-patients-neck-52101335_jpg.rf.d2473f73c1a289630599d68f36105f74.jpg</filename>
	<path>c-arm-scanner-hospital-surgery-white-sterile-room-ray-pointing-patients-neck-52101335_jpg.rf.d2473f73c1a289630599d68f36105f74.jpg</path>
	<source>
		<database>roboflow.ai</database>
	</source>
	<size>
		<width>1600</width>
		<height>1190</height>
		<depth>3</depth>
	</size>
	<segmented>0</segmented>
	<object>
		<name>C_arm</name>
		<pose>Unspecified</pose>
		<truncated>0</truncated>
		<difficult>0</difficult>
		<occluded>0</occluded>
		<bndbox>
			<xmin>330</xmin>
			<xmax>1372</xmax>
			<ymin>512</ymin>
			<ymax>1183</ymax>
		</bndbox>
	</object>
	<object>
		<name>Bed</name>
		<pose>Unspecified</pose>
		<truncated>0</truncated>
		<difficult>0</difficult>
		<occluded>0</occluded>
		<bndbox>
			<xmin>322</xmin>
			<xmax>1000</xmax>
			<ymin>321</ymin>
			<ymax>971</ymax>
		</bndbox>
	</object>
</annotation>
