<annotation>
	<folder></folder>
	<filename>C-Arm-surgery-use-2-1024x683_jpeg.rf.943b88d8bdd5868c07b6daaec5e10b22.jpg</filename>
	<path>C-Arm-surgery-use-2-1024x683_jpeg.rf.943b88d8bdd5868c07b6daaec5e10b22.jpg</path>
	<source>
		<database>roboflow.ai</database>
	</source>
	<size>
		<width>1024</width>
		<height>683</height>
		<depth>3</depth>
	</size>
	<segmented>0</segmented>
	<object>
		<name>Light</name>
		<pose>Unspecified</pose>
		<truncated>0</truncated>
		<difficult>0</difficult>
		<occluded>0</occluded>
		<bndbox>
			<xmin>560</xmin>
			<xmax>779</xmax>
			<ymin>92</ymin>
			<ymax>180</ymax>
		</bndbox>
	</object>
	<object>
		<name>C_arm</name>
		<pose>Unspecified</pose>
		<truncated>0</truncated>
		<difficult>0</difficult>
		<occluded>0</occluded>
		<bndbox>
			<xmin>9</xmin>
			<xmax>655</xmax>
			<ymin>178</ymin>
			<ymax>673</ymax>
		</bndbox>
	</object>
</annotation>
