<annotation>
	<folder></folder>
	<filename>C-Arm-surgery-use-2-1024x683_jpeg.rf.55fcc09868cb6ae838285c292db10b2b.jpg</filename>
	<path>C-Arm-surgery-use-2-1024x683_jpeg.rf.55fcc09868cb6ae838285c292db10b2b.jpg</path>
	<source>
		<database>roboflow.ai</database>
	</source>
	<size>
		<width>1024</width>
		<height>683</height>
		<depth>3</depth>
	</size>
	<segmented>0</segmented>
	<object>
		<name>Light</name>
		<pose>Unspecified</pose>
		<truncated>0</truncated>
		<difficult>0</difficult>
		<occluded>0</occluded>
		<bndbox>
			<xmin>560</xmin>
			<xmax>809</xmax>
			<ymin>184</ymin>
			<ymax>407</ymax>
		</bndbox>
	</object>
	<object>
		<name>C_arm</name>
		<pose>Unspecified</pose>
		<truncated>0</truncated>
		<difficult>0</difficult>
		<occluded>0</occluded>
		<bndbox>
			<xmin>1</xmin>
			<xmax>707</xmax>
			<ymin>1</ymin>
			<ymax>684</ymax>
		</bndbox>
	</object>
</annotation>
