<annotation>
	<folder></folder>
	<filename>c-arm-scanner-hospital-surgery-white-sterile-room-ray-pointing-patients-neck-52101335_jpg.rf.213285f6769d26c4861baecd3fe76f2c.jpg</filename>
	<path>c-arm-scanner-hospital-surgery-white-sterile-room-ray-pointing-patients-neck-52101335_jpg.rf.213285f6769d26c4861baecd3fe76f2c.jpg</path>
	<source>
		<database>roboflow.ai</database>
	</source>
	<size>
		<width>1600</width>
		<height>1190</height>
		<depth>3</depth>
	</size>
	<segmented>0</segmented>
	<object>
		<name>C_arm</name>
		<pose>Unspecified</pose>
		<truncated>0</truncated>
		<difficult>0</difficult>
		<occluded>0</occluded>
		<bndbox>
			<xmin>474</xmin>
			<xmax>1601</xmax>
			<ymin>23</ymin>
			<ymax>1036</ymax>
		</bndbox>
	</object>
	<object>
		<name>Bed</name>
		<pose>Unspecified</pose>
		<truncated>0</truncated>
		<difficult>0</difficult>
		<occluded>0</occluded>
		<bndbox>
			<xmin>615</xmin>
			<xmax>1601</xmax>
			<ymin>296</ymin>
			<ymax>1161</ymax>
		</bndbox>
	</object>
</annotation>
