<annotation>
	<folder></folder>
	<filename>C-arm-EA_02-1_jpg.rf.64348cded66e44b9f3d6a5b45239a845.jpg</filename>
	<path>C-arm-EA_02-1_jpg.rf.64348cded66e44b9f3d6a5b45239a845.jpg</path>
	<source>
		<database>roboflow.ai</database>
	</source>
	<size>
		<width>870</width>
		<height>470</height>
		<depth>3</depth>
	</size>
	<segmented>0</segmented>
	<object>
		<name>C_arm</name>
		<pose>Unspecified</pose>
		<truncated>0</truncated>
		<difficult>0</difficult>
		<occluded>0</occluded>
		<bndbox>
			<xmin>235</xmin>
			<xmax>565</xmax>
			<ymin>1</ymin>
			<ymax>324</ymax>
		</bndbox>
	</object>
	<object>
		<name>Bed</name>
		<pose>Unspecified</pose>
		<truncated>0</truncated>
		<difficult>0</difficult>
		<occluded>0</occluded>
		<bndbox>
			<xmin>217</xmin>
			<xmax>605</xmax>
			<ymin>139</ymin>
			<ymax>459</ymax>
		</bndbox>
	</object>
	<object>
		<name>Light</name>
		<pose>Unspecified</pose>
		<truncated>0</truncated>
		<difficult>0</difficult>
		<occluded>0</occluded>
		<bndbox>
			<xmin>601</xmin>
			<xmax>720</xmax>
			<ymin>184</ymin>
			<ymax>309</ymax>
		</bndbox>
	</object>
	<object>
		<name>Light</name>
		<pose>Unspecified</pose>
		<truncated>0</truncated>
		<difficult>0</difficult>
		<occluded>0</occluded>
		<bndbox>
			<xmin>497</xmin>
			<xmax>609</xmax>
			<ymin>5</ymin>
			<ymax>131</ymax>
		</bndbox>
	</object>
</annotation>
