<annotation>
	<folder></folder>
	<filename>C-arm-surgeon_jpg.rf.df2a6600a898ffc44befe252a0919a16.jpg</filename>
	<path>C-arm-surgeon_jpg.rf.df2a6600a898ffc44befe252a0919a16.jpg</path>
	<source>
		<database>roboflow.ai</database>
	</source>
	<size>
		<width>400</width>
		<height>267</height>
		<depth>3</depth>
	</size>
	<segmented>0</segmented>
	<object>
		<name>Light</name>
		<pose>Unspecified</pose>
		<truncated>0</truncated>
		<difficult>0</difficult>
		<occluded>0</occluded>
		<bndbox>
			<xmin>223</xmin>
			<xmax>387</xmax>
			<ymin>72</ymin>
			<ymax>258</ymax>
		</bndbox>
	</object>
</annotation>
