<annotation>
	<folder></folder>
	<filename>c-arm-scanner-hospital-surgery-white-sterile-room-ray-pointing-patients-neck-52101335_jpg.rf.7b98d2ea71865831d566fafffba67df4.jpg</filename>
	<path>c-arm-scanner-hospital-surgery-white-sterile-room-ray-pointing-patients-neck-52101335_jpg.rf.7b98d2ea71865831d566fafffba67df4.jpg</path>
	<source>
		<database>roboflow.ai</database>
	</source>
	<size>
		<width>1600</width>
		<height>1190</height>
		<depth>3</depth>
	</size>
	<segmented>0</segmented>
	<object>
		<name>C_arm</name>
		<pose>Unspecified</pose>
		<truncated>0</truncated>
		<difficult>0</difficult>
		<occluded>0</occluded>
		<bndbox>
			<xmin>787</xmin>
			<xmax>1516</xmax>
			<ymin>114</ymin>
			<ymax>1068</ymax>
		</bndbox>
	</object>
	<object>
		<name>Bed</name>
		<pose>Unspecified</pose>
		<truncated>0</truncated>
		<difficult>0</difficult>
		<occluded>0</occluded>
		<bndbox>
			<xmin>545</xmin>
			<xmax>1220</xmax>
			<ymin>528</ymin>
			<ymax>1035</ymax>
		</bndbox>
	</object>
</annotation>
