<annotation>
	<folder></folder>
	<filename>C20rameno_jpg.rf.113f236ec078a4cb81ae3f7b404b1c28.jpg</filename>
	<path>C20rameno_jpg.rf.113f236ec078a4cb81ae3f7b404b1c28.jpg</path>
	<source>
		<database>roboflow.ai</database>
	</source>
	<size>
		<width>300</width>
		<height>225</height>
		<depth>3</depth>
	</size>
	<segmented>0</segmented>
	<object>
		<name>C_arm</name>
		<pose>Unspecified</pose>
		<truncated>0</truncated>
		<difficult>0</difficult>
		<occluded>0</occluded>
		<bndbox>
			<xmin>39</xmin>
			<xmax>301</xmax>
			<ymin>2</ymin>
			<ymax>226</ymax>
		</bndbox>
	</object>
	<object>
		<name>Bed</name>
		<pose>Unspecified</pose>
		<truncated>0</truncated>
		<difficult>0</difficult>
		<occluded>0</occluded>
		<bndbox>
			<xmin>161</xmin>
			<xmax>284</xmax>
			<ymin>5</ymin>
			<ymax>90</ymax>
		</bndbox>
	</object>
</annotation>
