<annotation>
	<folder></folder>
	<filename>C20rameno_jpg.rf.db00f4a4417a3cb42b339c653d00274e.jpg</filename>
	<path>C20rameno_jpg.rf.db00f4a4417a3cb42b339c653d00274e.jpg</path>
	<source>
		<database>roboflow.ai</database>
	</source>
	<size>
		<width>300</width>
		<height>225</height>
		<depth>3</depth>
	</size>
	<segmented>0</segmented>
	<object>
		<name>C_arm</name>
		<pose>Unspecified</pose>
		<truncated>0</truncated>
		<difficult>0</difficult>
		<occluded>0</occluded>
		<bndbox>
			<xmin>57</xmin>
			<xmax>260</xmax>
			<ymin>46</ymin>
			<ymax>186</ymax>
		</bndbox>
	</object>
	<object>
		<name>Bed</name>
		<pose>Unspecified</pose>
		<truncated>0</truncated>
		<difficult>0</difficult>
		<occluded>0</occluded>
		<bndbox>
			<xmin>230</xmin>
			<xmax>301</xmax>
			<ymin>80</ymin>
			<ymax>186</ymax>
		</bndbox>
	</object>
</annotation>
