<annotation>
	<folder></folder>
	<filename>carm_012x-min-pxvo7yp8kbybhalg6trmj9w6io6gcrvn3scwkj44h2_jpg.rf.13102fb025c364bd7a2235403a8b1f88.jpg</filename>
	<path>carm_012x-min-pxvo7yp8kbybhalg6trmj9w6io6gcrvn3scwkj44h2_jpg.rf.13102fb025c364bd7a2235403a8b1f88.jpg</path>
	<source>
		<database>roboflow.ai</database>
	</source>
	<size>
		<width>470</width>
		<height>439</height>
		<depth>3</depth>
	</size>
	<segmented>0</segmented>
	<object>
		<name>C_arm</name>
		<pose>Unspecified</pose>
		<truncated>0</truncated>
		<difficult>0</difficult>
		<occluded>0</occluded>
		<bndbox>
			<xmin>33</xmin>
			<xmax>138</xmax>
			<ymin>50</ymin>
			<ymax>316</ymax>
		</bndbox>
	</object>
	<object>
		<name>C_arm</name>
		<pose>Unspecified</pose>
		<truncated>0</truncated>
		<difficult>0</difficult>
		<occluded>0</occluded>
		<bndbox>
			<xmin>211</xmin>
			<xmax>320</xmax>
			<ymin>51</ymin>
			<ymax>283</ymax>
		</bndbox>
	</object>
</annotation>
