<annotation>
	<folder></folder>
	<filename>carm_012x-min-pxvo7yp8kbybhalg6trmj9w6io6gcrvn3scwkj44h2_jpg.rf.00d7294b0d0d375dbd8ecee0d91ad618.jpg</filename>
	<path>carm_012x-min-pxvo7yp8kbybhalg6trmj9w6io6gcrvn3scwkj44h2_jpg.rf.00d7294b0d0d375dbd8ecee0d91ad618.jpg</path>
	<source>
		<database>roboflow.ai</database>
	</source>
	<size>
		<width>470</width>
		<height>439</height>
		<depth>3</depth>
	</size>
	<segmented>0</segmented>
	<object>
		<name>C_arm</name>
		<pose>Unspecified</pose>
		<truncated>0</truncated>
		<difficult>0</difficult>
		<occluded>0</occluded>
		<bndbox>
			<xmin>1</xmin>
			<xmax>270</xmax>
			<ymin>2</ymin>
			<ymax>243</ymax>
		</bndbox>
	</object>
	<object>
		<name>C_arm</name>
		<pose>Unspecified</pose>
		<truncated>0</truncated>
		<difficult>0</difficult>
		<occluded>0</occluded>
		<bndbox>
			<xmin>145</xmin>
			<xmax>401</xmax>
			<ymin>83</ymin>
			<ymax>340</ymax>
		</bndbox>
	</object>
</annotation>
