<annotation>
	<folder></folder>
	<filename>carm_012x-min-pxvo7yp8kbybhalg6trmj9w6io6gcrvn3scwkj44h2_jpg.rf.43ce970c8a2d7d2f54a9d72daf4623cc.jpg</filename>
	<path>carm_012x-min-pxvo7yp8kbybhalg6trmj9w6io6gcrvn3scwkj44h2_jpg.rf.43ce970c8a2d7d2f54a9d72daf4623cc.jpg</path>
	<source>
		<database>roboflow.ai</database>
	</source>
	<size>
		<width>470</width>
		<height>439</height>
		<depth>3</depth>
	</size>
	<segmented>0</segmented>
	<object>
		<name>C_arm</name>
		<pose>Unspecified</pose>
		<truncated>0</truncated>
		<difficult>0</difficult>
		<occluded>0</occluded>
		<bndbox>
			<xmin>154</xmin>
			<xmax>399</xmax>
			<ymin>15</ymin>
			<ymax>212</ymax>
		</bndbox>
	</object>
	<object>
		<name>C_arm</name>
		<pose>Unspecified</pose>
		<truncated>0</truncated>
		<difficult>0</difficult>
		<occluded>0</occluded>
		<bndbox>
			<xmin>114</xmin>
			<xmax>349</xmax>
			<ymin>174</ymin>
			<ymax>384</ymax>
		</bndbox>
	</object>
</annotation>
