<annotation>
	<folder></folder>
	<filename>-k7cp4zzup8_jpg.rf.aa0538ca97ec2760e6806412af4eaa9c.jpg</filename>
	<path>-k7cp4zzup8_jpg.rf.aa0538ca97ec2760e6806412af4eaa9c.jpg</path>
	<source>
		<database>roboflow.ai</database>
	</source>
	<size>
		<width>640</width>
		<height>640</height>
		<depth>3</depth>
	</size>
	<segmented>0</segmented>
	<object>
		<name>Light</name>
		<pose>Unspecified</pose>
		<truncated>0</truncated>
		<difficult>0</difficult>
		<occluded>0</occluded>
		<bndbox>
			<xmin>245</xmin>
			<xmax>368</xmax>
			<ymin>3</ymin>
			<ymax>77</ymax>
		</bndbox>
	</object>
</annotation>
