<annotation>
	<folder></folder>
	<filename>-k7cp4zzup8_jpg.rf.09a3c19fa4259922acc4a8b91df53283.jpg</filename>
	<path>-k7cp4zzup8_jpg.rf.09a3c19fa4259922acc4a8b91df53283.jpg</path>
	<source>
		<database>roboflow.ai</database>
	</source>
	<size>
		<width>640</width>
		<height>640</height>
		<depth>3</depth>
	</size>
	<segmented>0</segmented>
	<object>
		<name>Light</name>
		<pose>Unspecified</pose>
		<truncated>0</truncated>
		<difficult>0</difficult>
		<occluded>0</occluded>
		<bndbox>
			<xmin>378</xmin>
			<xmax>521</xmax>
			<ymin>8</ymin>
			<ymax>133</ymax>
		</bndbox>
	</object>
</annotation>
