<annotation>
	<folder></folder>
	<filename>-k7cp4zzup8_jpg.rf.cce32e53a8fc8a79c47f8199fb42979d.jpg</filename>
	<path>-k7cp4zzup8_jpg.rf.cce32e53a8fc8a79c47f8199fb42979d.jpg</path>
	<source>
		<database>roboflow.ai</database>
	</source>
	<size>
		<width>640</width>
		<height>640</height>
		<depth>3</depth>
	</size>
	<segmented>0</segmented>
	<object>
		<name>Light</name>
		<pose>Unspecified</pose>
		<truncated>0</truncated>
		<difficult>0</difficult>
		<occluded>0</occluded>
		<bndbox>
			<xmin>106</xmin>
			<xmax>235</xmax>
			<ymin>27</ymin>
			<ymax>152</ymax>
		</bndbox>
	</object>
</annotation>
