<annotation>
	<folder></folder>
	<filename>48NkH4QeYOIrNbR8iOgANr9VnTblH7qZNFCbKylb_jpeg.rf.01877e1ba802e4a458c37907f44c1bc7.jpg</filename>
	<path>48NkH4QeYOIrNbR8iOgANr9VnTblH7qZNFCbKylb_jpeg.rf.01877e1ba802e4a458c37907f44c1bc7.jpg</path>
	<source>
		<database>roboflow.ai</database>
	</source>
	<size>
		<width>640</width>
		<height>640</height>
		<depth>3</depth>
	</size>
	<segmented>0</segmented>
	<object>
		<name>C_arm</name>
		<pose>Unspecified</pose>
		<truncated>0</truncated>
		<difficult>0</difficult>
		<occluded>0</occluded>
		<bndbox>
			<xmin>167</xmin>
			<xmax>639</xmax>
			<ymin>5</ymin>
			<ymax>637</ymax>
		</bndbox>
	</object>
	<object>
		<name>Bed</name>
		<pose>Unspecified</pose>
		<truncated>0</truncated>
		<difficult>0</difficult>
		<occluded>0</occluded>
		<bndbox>
			<xmin>378</xmin>
			<xmax>636</xmax>
			<ymin>289</ymin>
			<ymax>512</ymax>
		</bndbox>
	</object>
</annotation>
