<annotation>
	<folder></folder>
	<filename>48NkH4QeYOIrNbR8iOgANr9VnTblH7qZNFCbKylb_jpeg.rf.e53d5b1a1fa6760af94aefbde57ab529.jpg</filename>
	<path>48NkH4QeYOIrNbR8iOgANr9VnTblH7qZNFCbKylb_jpeg.rf.e53d5b1a1fa6760af94aefbde57ab529.jpg</path>
	<source>
		<database>roboflow.ai</database>
	</source>
	<size>
		<width>640</width>
		<height>640</height>
		<depth>3</depth>
	</size>
	<segmented>0</segmented>
	<object>
		<name>C_arm</name>
		<pose>Unspecified</pose>
		<truncated>0</truncated>
		<difficult>0</difficult>
		<occluded>0</occluded>
		<bndbox>
			<xmin>68</xmin>
			<xmax>641</xmax>
			<ymin>1</ymin>
			<ymax>641</ymax>
		</bndbox>
	</object>
	<object>
		<name>Bed</name>
		<pose>Unspecified</pose>
		<truncated>0</truncated>
		<difficult>0</difficult>
		<occluded>0</occluded>
		<bndbox>
			<xmin>363</xmin>
			<xmax>641</xmax>
			<ymin>183</ymin>
			<ymax>481</ymax>
		</bndbox>
	</object>
</annotation>
