<annotation>
	<folder></folder>
	<filename>520Keys20to20Proper20Setup20of20Medical20Equipment-1_jpg.rf.77e5a4f53e1d102ef87088e5192e1bd1.jpg</filename>
	<path>520Keys20to20Proper20Setup20of20Medical20Equipment-1_jpg.rf.77e5a4f53e1d102ef87088e5192e1bd1.jpg</path>
	<source>
		<database>roboflow.ai</database>
	</source>
	<size>
		<width>640</width>
		<height>640</height>
		<depth>3</depth>
	</size>
	<segmented>0</segmented>
	<object>
		<name>C_arm</name>
		<pose>Unspecified</pose>
		<truncated>0</truncated>
		<difficult>0</difficult>
		<occluded>0</occluded>
		<bndbox>
			<xmin>78</xmin>
			<xmax>393</xmax>
			<ymin>306</ymin>
			<ymax>633</ymax>
		</bndbox>
	</object>
	<object>
		<name>Bed</name>
		<pose>Unspecified</pose>
		<truncated>0</truncated>
		<difficult>0</difficult>
		<occluded>0</occluded>
		<bndbox>
			<xmin>267</xmin>
			<xmax>552</xmax>
			<ymin>278</ymin>
			<ymax>547</ymax>
		</bndbox>
	</object>
	<object>
		<name>Light</name>
		<pose>Unspecified</pose>
		<truncated>0</truncated>
		<difficult>0</difficult>
		<occluded>0</occluded>
		<bndbox>
			<xmin>137</xmin>
			<xmax>250</xmax>
			<ymin>195</ymin>
			<ymax>313</ymax>
		</bndbox>
	</object>
	<object>
		<name>Light</name>
		<pose>Unspecified</pose>
		<truncated>0</truncated>
		<difficult>0</difficult>
		<occluded>0</occluded>
		<bndbox>
			<xmin>237</xmin>
			<xmax>354</xmax>
			<ymin>134</ymin>
			<ymax>251</ymax>
		</bndbox>
	</object>
</annotation>
