<annotation>
	<folder></folder>
	<filename>520Kpodonu_pg2030_Fig202_png.rf.944f0883f349ea474317879ec4c53fba.jpg</filename>
	<path>520Kpodonu_pg2030_Fig202_png.rf.944f0883f349ea474317879ec4c53fba.jpg</path>
	<source>
		<database>roboflow.ai</database>
	</source>
	<size>
		<width>640</width>
		<height>640</height>
		<depth>3</depth>
	</size>
	<segmented>0</segmented>
	<object>
		<name>C_arm</name>
		<pose>Unspecified</pose>
		<truncated>0</truncated>
		<difficult>0</difficult>
		<occluded>0</occluded>
		<bndbox>
			<xmin>1</xmin>
			<xmax>436</xmax>
			<ymin>114</ymin>
			<ymax>609</ymax>
		</bndbox>
	</object>
	<object>
		<name>Bed</name>
		<pose>Unspecified</pose>
		<truncated>0</truncated>
		<difficult>0</difficult>
		<occluded>0</occluded>
		<bndbox>
			<xmin>246</xmin>
			<xmax>641</xmax>
			<ymin>163</ymin>
			<ymax>430</ymax>
		</bndbox>
	</object>
</annotation>
