<annotation>
	<folder></folder>
	<filename>520Kpodonu_pg2030_Fig202_png.rf.bc270a6478d9af70c38e90978b82c88a.jpg</filename>
	<path>520Kpodonu_pg2030_Fig202_png.rf.bc270a6478d9af70c38e90978b82c88a.jpg</path>
	<source>
		<database>roboflow.ai</database>
	</source>
	<size>
		<width>640</width>
		<height>640</height>
		<depth>3</depth>
	</size>
	<segmented>0</segmented>
	<object>
		<name>C_arm</name>
		<pose>Unspecified</pose>
		<truncated>0</truncated>
		<difficult>0</difficult>
		<occluded>0</occluded>
		<bndbox>
			<xmin>15</xmin>
			<xmax>371</xmax>
			<ymin>118</ymin>
			<ymax>512</ymax>
		</bndbox>
	</object>
	<object>
		<name>Bed</name>
		<pose>Unspecified</pose>
		<truncated>0</truncated>
		<difficult>0</difficult>
		<occluded>0</occluded>
		<bndbox>
			<xmin>260</xmin>
			<xmax>639</xmax>
			<ymin>274</ymin>
			<ymax>414</ymax>
		</bndbox>
	</object>
</annotation>
