<annotation>
	<folder></folder>
	<filename>520Kpodonu_pg2030_Fig202_png.rf.eeff94c3a4d4e08678c41ed2f2ac5e57.jpg</filename>
	<path>520Kpodonu_pg2030_Fig202_png.rf.eeff94c3a4d4e08678c41ed2f2ac5e57.jpg</path>
	<source>
		<database>roboflow.ai</database>
	</source>
	<size>
		<width>640</width>
		<height>640</height>
		<depth>3</depth>
	</size>
	<segmented>0</segmented>
	<object>
		<name>C_arm</name>
		<pose>Unspecified</pose>
		<truncated>0</truncated>
		<difficult>0</difficult>
		<occluded>0</occluded>
		<bndbox>
			<xmin>1</xmin>
			<xmax>393</xmax>
			<ymin>124</ymin>
			<ymax>524</ymax>
		</bndbox>
	</object>
	<object>
		<name>Bed</name>
		<pose>Unspecified</pose>
		<truncated>0</truncated>
		<difficult>0</difficult>
		<occluded>0</occluded>
		<bndbox>
			<xmin>312</xmin>
			<xmax>589</xmax>
			<ymin>197</ymin>
			<ymax>474</ymax>
		</bndbox>
	</object>
</annotation>
