<annotation>
	<folder></folder>
	<filename>520Keys20to20Proper20Setup20of20Medical20Equipment-1_jpg.rf.909ddb8b16ba37c93af514e1315fad8c.jpg</filename>
	<path>520Keys20to20Proper20Setup20of20Medical20Equipment-1_jpg.rf.909ddb8b16ba37c93af514e1315fad8c.jpg</path>
	<source>
		<database>roboflow.ai</database>
	</source>
	<size>
		<width>640</width>
		<height>640</height>
		<depth>3</depth>
	</size>
	<segmented>0</segmented>
	<object>
		<name>C_arm</name>
		<pose>Unspecified</pose>
		<truncated>0</truncated>
		<difficult>0</difficult>
		<occluded>0</occluded>
		<bndbox>
			<xmin>2</xmin>
			<xmax>324</xmax>
			<ymin>96</ymin>
			<ymax>418</ymax>
		</bndbox>
	</object>
	<object>
		<name>Bed</name>
		<pose>Unspecified</pose>
		<truncated>0</truncated>
		<difficult>0</difficult>
		<occluded>0</occluded>
		<bndbox>
			<xmin>104</xmin>
			<xmax>382</xmax>
			<ymin>283</ymin>
			<ymax>561</ymax>
		</bndbox>
	</object>
	<object>
		<name>Light</name>
		<pose>Unspecified</pose>
		<truncated>0</truncated>
		<difficult>0</difficult>
		<occluded>0</occluded>
		<bndbox>
			<xmin>312</xmin>
			<xmax>428</xmax>
			<ymin>127</ymin>
			<ymax>243</ymax>
		</bndbox>
	</object>
	<object>
		<name>Light</name>
		<pose>Unspecified</pose>
		<truncated>0</truncated>
		<difficult>0</difficult>
		<occluded>0</occluded>
		<bndbox>
			<xmin>387</xmin>
			<xmax>504</xmax>
			<ymin>219</ymin>
			<ymax>336</ymax>
		</bndbox>
	</object>
</annotation>
