<annotation>
	<folder></folder>
	<filename>63899225c5ac5d0001efaf3e_jpg.rf.a4bc1af765d600b769f2bf3a1201618c.jpg</filename>
	<path>63899225c5ac5d0001efaf3e_jpg.rf.a4bc1af765d600b769f2bf3a1201618c.jpg</path>
	<source>
		<database>roboflow.ai</database>
	</source>
	<size>
		<width>640</width>
		<height>640</height>
		<depth>3</depth>
	</size>
	<segmented>0</segmented>
	<object>
		<name>C_arm</name>
		<pose>Unspecified</pose>
		<truncated>0</truncated>
		<difficult>0</difficult>
		<occluded>0</occluded>
		<bndbox>
			<xmin>82</xmin>
			<xmax>441</xmax>
			<ymin>216</ymin>
			<ymax>628</ymax>
		</bndbox>
	</object>
	<object>
		<name>Bed</name>
		<pose>Unspecified</pose>
		<truncated>0</truncated>
		<difficult>0</difficult>
		<occluded>0</occluded>
		<bndbox>
			<xmin>134</xmin>
			<xmax>336</xmax>
			<ymin>320</ymin>
			<ymax>522</ymax>
		</bndbox>
	</object>
	<object>
		<name>Light</name>
		<pose>Unspecified</pose>
		<truncated>0</truncated>
		<difficult>0</difficult>
		<occluded>0</occluded>
		<bndbox>
			<xmin>342</xmin>
			<xmax>414</xmax>
			<ymin>263</ymin>
			<ymax>335</ymax>
		</bndbox>
	</object>
</annotation>
