<annotation>
	<folder></folder>
	<filename>63899225c5ac5d0001efaf3e_jpg.rf.06c6c4cc4b7fe50cf39f540e45d62eb8.jpg</filename>
	<path>63899225c5ac5d0001efaf3e_jpg.rf.06c6c4cc4b7fe50cf39f540e45d62eb8.jpg</path>
	<source>
		<database>roboflow.ai</database>
	</source>
	<size>
		<width>640</width>
		<height>640</height>
		<depth>3</depth>
	</size>
	<segmented>0</segmented>
	<object>
		<name>C_arm</name>
		<pose>Unspecified</pose>
		<truncated>0</truncated>
		<difficult>0</difficult>
		<occluded>0</occluded>
		<bndbox>
			<xmin>253</xmin>
			<xmax>410</xmax>
			<ymin>240</ymin>
			<ymax>635</ymax>
		</bndbox>
	</object>
	<object>
		<name>Bed</name>
		<pose>Unspecified</pose>
		<truncated>0</truncated>
		<difficult>0</difficult>
		<occluded>0</occluded>
		<bndbox>
			<xmin>251</xmin>
			<xmax>370</xmax>
			<ymin>367</ymin>
			<ymax>538</ymax>
		</bndbox>
	</object>
	<object>
		<name>Light</name>
		<pose>Unspecified</pose>
		<truncated>0</truncated>
		<difficult>0</difficult>
		<occluded>0</occluded>
		<bndbox>
			<xmin>327</xmin>
			<xmax>381</xmax>
			<ymin>245</ymin>
			<ymax>295</ymax>
		</bndbox>
	</object>
</annotation>
