<annotation>
	<folder></folder>
	<filename>AllStatesMedicalEquipmentDistribution-85142-C-Arm-Technology-blogbanner1_1024x_jpg.rf.be5c609d73caffe0ee8f8b1c744a6a0a.jpg</filename>
	<path>AllStatesMedicalEquipmentDistribution-85142-C-Arm-Technology-blogbanner1_1024x_jpg.rf.be5c609d73caffe0ee8f8b1c744a6a0a.jpg</path>
	<source>
		<database>roboflow.ai</database>
	</source>
	<size>
		<width>640</width>
		<height>640</height>
		<depth>3</depth>
	</size>
	<segmented>0</segmented>
	<object>
		<name>C_arm</name>
		<pose>Unspecified</pose>
		<truncated>0</truncated>
		<difficult>0</difficult>
		<occluded>0</occluded>
		<bndbox>
			<xmin>1</xmin>
			<xmax>514</xmax>
			<ymin>41</ymin>
			<ymax>607</ymax>
		</bndbox>
	</object>
</annotation>
