<annotation>
	<folder></folder>
	<filename>AllStatesMedicalEquipmentDistribution-85142-C-Arm-Technology-blogbanner1_1024x_jpg.rf.20a827f0d2dc3f9d3a834933e04785f0.jpg</filename>
	<path>AllStatesMedicalEquipmentDistribution-85142-C-Arm-Technology-blogbanner1_1024x_jpg.rf.20a827f0d2dc3f9d3a834933e04785f0.jpg</path>
	<source>
		<database>roboflow.ai</database>
	</source>
	<size>
		<width>640</width>
		<height>640</height>
		<depth>3</depth>
	</size>
	<segmented>0</segmented>
	<object>
		<name>C_arm</name>
		<pose>Unspecified</pose>
		<truncated>0</truncated>
		<difficult>0</difficult>
		<occluded>0</occluded>
		<bndbox>
			<xmin>5</xmin>
			<xmax>457</xmax>
			<ymin>7</ymin>
			<ymax>635</ymax>
		</bndbox>
	</object>
</annotation>
