<annotation>
	<folder></folder>
	<filename>AllStatesMedicalEquipmentDistribution-68050-Care-C-Arm-Machine-blogbanner1_800x_jpg.rf.9284b4f9282657dbe382840403cf3c31.jpg</filename>
	<path>AllStatesMedicalEquipmentDistribution-68050-Care-C-Arm-Machine-blogbanner1_800x_jpg.rf.9284b4f9282657dbe382840403cf3c31.jpg</path>
	<source>
		<database>roboflow.ai</database>
	</source>
	<size>
		<width>640</width>
		<height>640</height>
		<depth>3</depth>
	</size>
	<segmented>0</segmented>
	<object>
		<name>Bed</name>
		<pose>Unspecified</pose>
		<truncated>0</truncated>
		<difficult>0</difficult>
		<occluded>0</occluded>
		<bndbox>
			<xmin>170</xmin>
			<xmax>617</xmax>
			<ymin>307</ymin>
			<ymax>606</ymax>
		</bndbox>
	</object>
	<object>
		<name>C_arm</name>
		<pose>Unspecified</pose>
		<truncated>0</truncated>
		<difficult>0</difficult>
		<occluded>0</occluded>
		<bndbox>
			<xmin>1</xmin>
			<xmax>393</xmax>
			<ymin>108</ymin>
			<ymax>588</ymax>
		</bndbox>
	</object>
</annotation>
