<annotation>
	<folder></folder>
	<filename>AllStatesMedicalEquipmentDistribution-68050-Care-C-Arm-Machine-blogbanner1_800x_jpg.rf.efe3e1045ed2196456b4c1705ca0664f.jpg</filename>
	<path>AllStatesMedicalEquipmentDistribution-68050-Care-C-Arm-Machine-blogbanner1_800x_jpg.rf.efe3e1045ed2196456b4c1705ca0664f.jpg</path>
	<source>
		<database>roboflow.ai</database>
	</source>
	<size>
		<width>640</width>
		<height>640</height>
		<depth>3</depth>
	</size>
	<segmented>0</segmented>
	<object>
		<name>Bed</name>
		<pose>Unspecified</pose>
		<truncated>0</truncated>
		<difficult>0</difficult>
		<occluded>0</occluded>
		<bndbox>
			<xmin>153</xmin>
			<xmax>563</xmax>
			<ymin>367</ymin>
			<ymax>573</ymax>
		</bndbox>
	</object>
	<object>
		<name>C_arm</name>
		<pose>Unspecified</pose>
		<truncated>0</truncated>
		<difficult>0</difficult>
		<occluded>0</occluded>
		<bndbox>
			<xmin>20</xmin>
			<xmax>269</xmax>
			<ymin>30</ymin>
			<ymax>596</ymax>
		</bndbox>
	</object>
</annotation>
