<annotation>
	<folder></folder>
	<filename>C-Arm-surgery-use-2-1024x683_jpeg.rf.0afffaed38328aefe9ba5eb91ab7603f.jpg</filename>
	<path>C-Arm-surgery-use-2-1024x683_jpeg.rf.0afffaed38328aefe9ba5eb91ab7603f.jpg</path>
	<source>
		<database>roboflow.ai</database>
	</source>
	<size>
		<width>640</width>
		<height>640</height>
		<depth>3</depth>
	</size>
	<segmented>0</segmented>
	<object>
		<name>Light</name>
		<pose>Unspecified</pose>
		<truncated>0</truncated>
		<difficult>0</difficult>
		<occluded>0</occluded>
		<bndbox>
			<xmin>350</xmin>
			<xmax>487</xmax>
			<ymin>86</ymin>
			<ymax>169</ymax>
		</bndbox>
	</object>
	<object>
		<name>C_arm</name>
		<pose>Unspecified</pose>
		<truncated>0</truncated>
		<difficult>0</difficult>
		<occluded>0</occluded>
		<bndbox>
			<xmin>6</xmin>
			<xmax>410</xmax>
			<ymin>167</ymin>
			<ymax>631</ymax>
		</bndbox>
	</object>
</annotation>
