<annotation>
	<folder></folder>
	<filename>C-Arm-surgery-use-2-1024x683_jpeg.rf.7006c993e144f7fa443193fac3ec87e3.jpg</filename>
	<path>C-Arm-surgery-use-2-1024x683_jpeg.rf.7006c993e144f7fa443193fac3ec87e3.jpg</path>
	<source>
		<database>roboflow.ai</database>
	</source>
	<size>
		<width>640</width>
		<height>640</height>
		<depth>3</depth>
	</size>
	<segmented>0</segmented>
	<object>
		<name>Light</name>
		<pose>Unspecified</pose>
		<truncated>0</truncated>
		<difficult>0</difficult>
		<occluded>0</occluded>
		<bndbox>
			<xmin>259</xmin>
			<xmax>404</xmax>
			<ymin>32</ymin>
			<ymax>177</ymax>
		</bndbox>
	</object>
	<object>
		<name>C_arm</name>
		<pose>Unspecified</pose>
		<truncated>0</truncated>
		<difficult>0</difficult>
		<occluded>0</occluded>
		<bndbox>
			<xmin>1</xmin>
			<xmax>535</xmax>
			<ymin>151</ymin>
			<ymax>641</ymax>
		</bndbox>
	</object>
</annotation>
