<annotation>
	<folder></folder>
	<filename>C-arm-EA_02-1_jpg.rf.1d04947f1f89f345e1d9089ec099d18b.jpg</filename>
	<path>C-arm-EA_02-1_jpg.rf.1d04947f1f89f345e1d9089ec099d18b.jpg</path>
	<source>
		<database>roboflow.ai</database>
	</source>
	<size>
		<width>640</width>
		<height>640</height>
		<depth>3</depth>
	</size>
	<segmented>0</segmented>
	<object>
		<name>C_arm</name>
		<pose>Unspecified</pose>
		<truncated>0</truncated>
		<difficult>0</difficult>
		<occluded>0</occluded>
		<bndbox>
			<xmin>100</xmin>
			<xmax>465</xmax>
			<ymin>102</ymin>
			<ymax>467</ymax>
		</bndbox>
	</object>
	<object>
		<name>Bed</name>
		<pose>Unspecified</pose>
		<truncated>0</truncated>
		<difficult>0</difficult>
		<occluded>0</occluded>
		<bndbox>
			<xmin>83</xmin>
			<xmax>488</xmax>
			<ymin>289</ymin>
			<ymax>641</ymax>
		</bndbox>
	</object>
	<object>
		<name>Light</name>
		<pose>Unspecified</pose>
		<truncated>0</truncated>
		<difficult>0</difficult>
		<occluded>0</occluded>
		<bndbox>
			<xmin>485</xmin>
			<xmax>605</xmax>
			<ymin>164</ymin>
			<ymax>294</ymax>
		</bndbox>
	</object>
	<object>
		<name>Light</name>
		<pose>Unspecified</pose>
		<truncated>0</truncated>
		<difficult>0</difficult>
		<occluded>0</occluded>
		<bndbox>
			<xmin>380</xmin>
			<xmax>493</xmax>
			<ymin>55</ymin>
			<ymax>172</ymax>
		</bndbox>
	</object>
</annotation>
