<annotation>
	<folder></folder>
	<filename>C-arm-surgeon_jpg.rf.65c48f5c0702754589b42d89263b2de7.jpg</filename>
	<path>C-arm-surgeon_jpg.rf.65c48f5c0702754589b42d89263b2de7.jpg</path>
	<source>
		<database>roboflow.ai</database>
	</source>
	<size>
		<width>640</width>
		<height>640</height>
		<depth>3</depth>
	</size>
	<segmented>0</segmented>
	<object>
		<name>Light</name>
		<pose>Unspecified</pose>
		<truncated>0</truncated>
		<difficult>0</difficult>
		<occluded>0</occluded>
		<bndbox>
			<xmin>25</xmin>
			<xmax>454</xmax>
			<ymin>5</ymin>
			<ymax>93</ymax>
		</bndbox>
	</object>
</annotation>
