<annotation>
	<folder></folder>
	<filename>C-arm-EA_02-1_jpg.rf.49e2b1cacfb91350b987397c5b16bc1d.jpg</filename>
	<path>C-arm-EA_02-1_jpg.rf.49e2b1cacfb91350b987397c5b16bc1d.jpg</path>
	<source>
		<database>roboflow.ai</database>
	</source>
	<size>
		<width>640</width>
		<height>640</height>
		<depth>3</depth>
	</size>
	<segmented>0</segmented>
	<object>
		<name>C_arm</name>
		<pose>Unspecified</pose>
		<truncated>0</truncated>
		<difficult>0</difficult>
		<occluded>0</occluded>
		<bndbox>
			<xmin>112</xmin>
			<xmax>425</xmax>
			<ymin>172</ymin>
			<ymax>484</ymax>
		</bndbox>
	</object>
	<object>
		<name>Bed</name>
		<pose>Unspecified</pose>
		<truncated>0</truncated>
		<difficult>0</difficult>
		<occluded>0</occluded>
		<bndbox>
			<xmin>256</xmin>
			<xmax>603</xmax>
			<ymin>285</ymin>
			<ymax>631</ymax>
		</bndbox>
	</object>
	<object>
		<name>Light</name>
		<pose>Unspecified</pose>
		<truncated>0</truncated>
		<difficult>0</difficult>
		<occluded>0</occluded>
		<bndbox>
			<xmin>341</xmin>
			<xmax>448</xmax>
			<ymin>37</ymin>
			<ymax>144</ymax>
		</bndbox>
	</object>
	<object>
		<name>Light</name>
		<pose>Unspecified</pose>
		<truncated>0</truncated>
		<difficult>0</difficult>
		<occluded>0</occluded>
		<bndbox>
			<xmin>190</xmin>
			<xmax>283</xmax>
			<ymin>47</ymin>
			<ymax>151</ymax>
		</bndbox>
	</object>
</annotation>
