<annotation>
	<folder></folder>
	<filename>c-arm-scanner-hospital-surgery-white-sterile-room-ray-pointing-patients-neck-52101335_jpg.rf.c006f65364877e04024ea9ed9bf7fd0a.jpg</filename>
	<path>c-arm-scanner-hospital-surgery-white-sterile-room-ray-pointing-patients-neck-52101335_jpg.rf.c006f65364877e04024ea9ed9bf7fd0a.jpg</path>
	<source>
		<database>roboflow.ai</database>
	</source>
	<size>
		<width>640</width>
		<height>640</height>
		<depth>3</depth>
	</size>
	<segmented>0</segmented>
	<object>
		<name>C_arm</name>
		<pose>Unspecified</pose>
		<truncated>0</truncated>
		<difficult>0</difficult>
		<occluded>0</occluded>
		<bndbox>
			<xmin>315</xmin>
			<xmax>607</xmax>
			<ymin>62</ymin>
			<ymax>575</ymax>
		</bndbox>
	</object>
	<object>
		<name>Bed</name>
		<pose>Unspecified</pose>
		<truncated>0</truncated>
		<difficult>0</difficult>
		<occluded>0</occluded>
		<bndbox>
			<xmin>219</xmin>
			<xmax>489</xmax>
			<ymin>284</ymin>
			<ymax>557</ymax>
		</bndbox>
	</object>
</annotation>
