<annotation>
	<folder></folder>
	<filename>C-arm-EA_02-1_jpg.rf.6a0ead8b7835dbdc4e411d8bc833af65.jpg</filename>
	<path>C-arm-EA_02-1_jpg.rf.6a0ead8b7835dbdc4e411d8bc833af65.jpg</path>
	<source>
		<database>roboflow.ai</database>
	</source>
	<size>
		<width>640</width>
		<height>640</height>
		<depth>3</depth>
	</size>
	<segmented>0</segmented>
	<object>
		<name>C_arm</name>
		<pose>Unspecified</pose>
		<truncated>0</truncated>
		<difficult>0</difficult>
		<occluded>0</occluded>
		<bndbox>
			<xmin>201</xmin>
			<xmax>335</xmax>
			<ymin>122</ymin>
			<ymax>509</ymax>
		</bndbox>
	</object>
	<object>
		<name>Bed</name>
		<pose>Unspecified</pose>
		<truncated>0</truncated>
		<difficult>0</difficult>
		<occluded>0</occluded>
		<bndbox>
			<xmin>251</xmin>
			<xmax>541</xmax>
			<ymin>335</ymin>
			<ymax>623</ymax>
		</bndbox>
	</object>
	<object>
		<name>Light</name>
		<pose>Unspecified</pose>
		<truncated>0</truncated>
		<difficult>0</difficult>
		<occluded>0</occluded>
		<bndbox>
			<xmin>412</xmin>
			<xmax>476</xmax>
			<ymin>55</ymin>
			<ymax>170</ymax>
		</bndbox>
	</object>
	<object>
		<name>Light</name>
		<pose>Unspecified</pose>
		<truncated>0</truncated>
		<difficult>0</difficult>
		<occluded>0</occluded>
		<bndbox>
			<xmin>251</xmin>
			<xmax>325</xmax>
			<ymin>41</ymin>
			<ymax>131</ymax>
		</bndbox>
	</object>
</annotation>
