<annotation>
	<folder></folder>
	<filename>C-arm-surgeon_jpg.rf.54b8a433a1e09079805d81ab2c77f770.jpg</filename>
	<path>C-arm-surgeon_jpg.rf.54b8a433a1e09079805d81ab2c77f770.jpg</path>
	<source>
		<database>roboflow.ai</database>
	</source>
	<size>
		<width>640</width>
		<height>640</height>
		<depth>3</depth>
	</size>
	<segmented>0</segmented>
	<object>
		<name>Light</name>
		<pose>Unspecified</pose>
		<truncated>0</truncated>
		<difficult>0</difficult>
		<occluded>0</occluded>
		<bndbox>
			<xmin>1</xmin>
			<xmax>298</xmax>
			<ymin>14</ymin>
			<ymax>289</ymax>
		</bndbox>
	</object>
</annotation>
