<annotation>
	<folder></folder>
	<filename>C-arm-surgeon_jpg.rf.673010f5394a46f78f3a14f7f2d27852.jpg</filename>
	<path>C-arm-surgeon_jpg.rf.673010f5394a46f78f3a14f7f2d27852.jpg</path>
	<source>
		<database>roboflow.ai</database>
	</source>
	<size>
		<width>640</width>
		<height>640</height>
		<depth>3</depth>
	</size>
	<segmented>0</segmented>
	<object>
		<name>Light</name>
		<pose>Unspecified</pose>
		<truncated>0</truncated>
		<difficult>0</difficult>
		<occluded>0</occluded>
		<bndbox>
			<xmin>184</xmin>
			<xmax>597</xmax>
			<ymin>1</ymin>
			<ymax>194</ymax>
		</bndbox>
	</object>
</annotation>
