<annotation>
	<folder></folder>
	<filename>C-Arm-surgery-use-2-1024x683_jpeg.rf.3c5c2dd6537ada7dc2087a3057606119.jpg</filename>
	<path>C-Arm-surgery-use-2-1024x683_jpeg.rf.3c5c2dd6537ada7dc2087a3057606119.jpg</path>
	<source>
		<database>roboflow.ai</database>
	</source>
	<size>
		<width>640</width>
		<height>640</height>
		<depth>3</depth>
	</size>
	<segmented>0</segmented>
	<object>
		<name>Light</name>
		<pose>Unspecified</pose>
		<truncated>0</truncated>
		<difficult>0</difficult>
		<occluded>0</occluded>
		<bndbox>
			<xmin>359</xmin>
			<xmax>471</xmax>
			<ymin>70</ymin>
			<ymax>182</ymax>
		</bndbox>
	</object>
	<object>
		<name>C_arm</name>
		<pose>Unspecified</pose>
		<truncated>0</truncated>
		<difficult>0</difficult>
		<occluded>0</occluded>
		<bndbox>
			<xmin>1</xmin>
			<xmax>430</xmax>
			<ymin>179</ymin>
			<ymax>620</ymax>
		</bndbox>
	</object>
</annotation>
