<annotation>
	<folder></folder>
	<filename>c-arm-scanner-hospital-surgery-white-sterile-room-ray-pointing-patients-neck-52101335_jpg.rf.31c26b995a3f5f417e5a7e210a2f9bcd.jpg</filename>
	<path>c-arm-scanner-hospital-surgery-white-sterile-room-ray-pointing-patients-neck-52101335_jpg.rf.31c26b995a3f5f417e5a7e210a2f9bcd.jpg</path>
	<source>
		<database>roboflow.ai</database>
	</source>
	<size>
		<width>640</width>
		<height>640</height>
		<depth>3</depth>
	</size>
	<segmented>0</segmented>
	<object>
		<name>C_arm</name>
		<pose>Unspecified</pose>
		<truncated>0</truncated>
		<difficult>0</difficult>
		<occluded>0</occluded>
		<bndbox>
			<xmin>154</xmin>
			<xmax>641</xmax>
			<ymin>119</ymin>
			<ymax>641</ymax>
		</bndbox>
	</object>
	<object>
		<name>Bed</name>
		<pose>Unspecified</pose>
		<truncated>0</truncated>
		<difficult>0</difficult>
		<occluded>0</occluded>
		<bndbox>
			<xmin>100</xmin>
			<xmax>479</xmax>
			<ymin>231</ymin>
			<ymax>610</ymax>
		</bndbox>
	</object>
</annotation>
