<annotation>
	<folder></folder>
	<filename>C20rameno_jpg.rf.1fef4e9e4a5a66f20fd03105a56a37d8.jpg</filename>
	<path>C20rameno_jpg.rf.1fef4e9e4a5a66f20fd03105a56a37d8.jpg</path>
	<source>
		<database>roboflow.ai</database>
	</source>
	<size>
		<width>640</width>
		<height>640</height>
		<depth>3</depth>
	</size>
	<segmented>0</segmented>
	<object>
		<name>C_arm</name>
		<pose>Unspecified</pose>
		<truncated>0</truncated>
		<difficult>0</difficult>
		<occluded>0</occluded>
		<bndbox>
			<xmin>120</xmin>
			<xmax>553</xmax>
			<ymin>129</ymin>
			<ymax>527</ymax>
		</bndbox>
	</object>
	<object>
		<name>Bed</name>
		<pose>Unspecified</pose>
		<truncated>0</truncated>
		<difficult>0</difficult>
		<occluded>0</occluded>
		<bndbox>
			<xmin>490</xmin>
			<xmax>641</xmax>
			<ymin>226</ymin>
			<ymax>527</ymax>
		</bndbox>
	</object>
</annotation>
