<annotation>
	<folder></folder>
	<filename>carm_012x-min-pxvo7yp8kbybhalg6trmj9w6io6gcrvn3scwkj44h2_jpg.rf.05893d2fd014fd2cdac0e8e986aeb8b9.jpg</filename>
	<path>carm_012x-min-pxvo7yp8kbybhalg6trmj9w6io6gcrvn3scwkj44h2_jpg.rf.05893d2fd014fd2cdac0e8e986aeb8b9.jpg</path>
	<source>
		<database>roboflow.ai</database>
	</source>
	<size>
		<width>640</width>
		<height>640</height>
		<depth>3</depth>
	</size>
	<segmented>0</segmented>
	<object>
		<name>C_arm</name>
		<pose>Unspecified</pose>
		<truncated>0</truncated>
		<difficult>0</difficult>
		<occluded>0</occluded>
		<bndbox>
			<xmin>1</xmin>
			<xmax>269</xmax>
			<ymin>156</ymin>
			<ymax>474</ymax>
		</bndbox>
	</object>
	<object>
		<name>C_arm</name>
		<pose>Unspecified</pose>
		<truncated>0</truncated>
		<difficult>0</difficult>
		<occluded>0</occluded>
		<bndbox>
			<xmin>193</xmin>
			<xmax>488</xmax>
			<ymin>89</ymin>
			<ymax>384</ymax>
		</bndbox>
	</object>
</annotation>
