<annotation>
	<folder></folder>
	<filename>carm_012x-min-pxvo7yp8kbybhalg6trmj9w6io6gcrvn3scwkj44h2_jpg.rf.c9910be1ba65ae61d37a96980c4011a0.jpg</filename>
	<path>carm_012x-min-pxvo7yp8kbybhalg6trmj9w6io6gcrvn3scwkj44h2_jpg.rf.c9910be1ba65ae61d37a96980c4011a0.jpg</path>
	<source>
		<database>roboflow.ai</database>
	</source>
	<size>
		<width>640</width>
		<height>640</height>
		<depth>3</depth>
	</size>
	<segmented>0</segmented>
	<object>
		<name>C_arm</name>
		<pose>Unspecified</pose>
		<truncated>0</truncated>
		<difficult>0</difficult>
		<occluded>0</occluded>
		<bndbox>
			<xmin>44</xmin>
			<xmax>187</xmax>
			<ymin>73</ymin>
			<ymax>461</ymax>
		</bndbox>
	</object>
	<object>
		<name>C_arm</name>
		<pose>Unspecified</pose>
		<truncated>0</truncated>
		<difficult>0</difficult>
		<occluded>0</occluded>
		<bndbox>
			<xmin>286</xmin>
			<xmax>435</xmax>
			<ymin>74</ymin>
			<ymax>412</ymax>
		</bndbox>
	</object>
</annotation>
