<annotation>
	<folder></folder>
	<filename>carm_012x-min-pxvo7yp8kbybhalg6trmj9w6io6gcrvn3scwkj44h2_jpg.rf.aa8f24c2302366882817563e4b78d996.jpg</filename>
	<path>carm_012x-min-pxvo7yp8kbybhalg6trmj9w6io6gcrvn3scwkj44h2_jpg.rf.aa8f24c2302366882817563e4b78d996.jpg</path>
	<source>
		<database>roboflow.ai</database>
	</source>
	<size>
		<width>640</width>
		<height>640</height>
		<depth>3</depth>
	</size>
	<segmented>0</segmented>
	<object>
		<name>C_arm</name>
		<pose>Unspecified</pose>
		<truncated>0</truncated>
		<difficult>0</difficult>
		<occluded>0</occluded>
		<bndbox>
			<xmin>1</xmin>
			<xmax>313</xmax>
			<ymin>221</ymin>
			<ymax>583</ymax>
		</bndbox>
	</object>
	<object>
		<name>C_arm</name>
		<pose>Unspecified</pose>
		<truncated>0</truncated>
		<difficult>0</difficult>
		<occluded>0</occluded>
		<bndbox>
			<xmin>132</xmin>
			<xmax>474</xmax>
			<ymin>65</ymin>
			<ymax>407</ymax>
		</bndbox>
	</object>
</annotation>
