{"5d008b6e5b152.jpg80103":{"filename":"5d008b6e5b152.jpg","size":80103,"regions":[],"file_attributes":{}},"48NkH4QeYOIrNbR8iOgANr9VnTblH7qZNFCbKylb.jpeg438987":{"filename":"48NkH4QeYOIrNbR8iOgANr9VnTblH7qZNFCbKylb.jpeg","size":438987,"regions":[{"shape_attributes":{"name":"rect","x":259,"y":5,"width":738,"height":740},"region_attributes":{"Name":"C_arm\n"}},{"shape_attributes":{"name":"rect","x":589,"y":337,"width":404,"height":261},"region_attributes":{"Name":"Bed\n"}}],"file_attributes":{}},"62a0cd83c51c4d0001087474.jpg122938":{"filename":"62a0cd83c51c4d0001087474.jpg","size":122938,"regions":[{"shape_attributes":{"name":"rect","x":399,"y":734,"width":1197,"height":460},"region_attributes":{"Name":"Bed\n"}}],"file_attributes":{}},"76-hero.jpg93752":{"filename":"76-hero.jpg","size":93752,"regions":[],"file_attributes":{}},"520Keys20to20Proper20Setup20of20Medical20Equipment-1.jpg256108":{"filename":"520Keys20to20Proper20Setup20of20Medical20Equipment-1.jpg","size":256108,"regions":[{"shape_attributes":{"name":"rect","x":220,"y":548,"width":608,"height":605},"region_attributes":{"Name":"C_arm"}},{"shape_attributes":{"name":"rect","x":675,"y":838,"width":822,"height":318},"region_attributes":{"Name":"Bed"}},{"shape_attributes":{"name":"rect","x":749,"y":310,"width":223,"height":215},"region_attributes":{"Name":"Light\n"}},{"shape_attributes":{"name":"rect","x":1142,"y":341,"width":215,"height":225},"region_attributes":{"Name":"Light"}}],"file_attributes":{}},"520Kpodonu_pg2030_Fig202.png219407":{"filename":"520Kpodonu_pg2030_Fig202.png","size":219407,"regions":[{"shape_attributes":{"name":"rect","x":9,"y":68,"width":226,"height":231},"region_attributes":{"Name":"C_arm\n"}},{"shape_attributes":{"name":"rect","x":164,"y":160,"width":241,"height":82},"region_attributes":{"Name":"Bed\n"}}],"file_attributes":{}},"910fig01.jpeg170912":{"filename":"910fig01.jpeg","size":170912,"regions":[{"shape_attributes":{"name":"rect","x":1173,"y":303,"width":605,"height":745},"region_attributes":{"Name":"C_arm\n"}},{"shape_attributes":{"name":"rect","x":31,"y":281,"width":293,"height":175},"region_attributes":{"Name":"Light\n"}},{"shape_attributes":{"name":"rect","x":398,"y":205,"width":309,"height":138},"region_attributes":{"Name":"Light\n"}},{"shape_attributes":{"name":"rect","x":984,"y":250,"width":317,"height":161},"region_attributes":{"Name":"Light\n"}},{"shape_attributes":{"name":"rect","x":283,"y":698,"width":523,"height":641},"region_attributes":{"Name":"Bed\n"}}],"file_attributes":{}},"63899225c5ac5d0001efaf3e.jpg101545":{"filename":"63899225c5ac5d0001efaf3e.jpg","size":101545,"regions":[{"shape_attributes":{"name":"rect","x":403,"y":255,"width":251,"height":422},"region_attributes":{"Name":"C_arm\n"}},{"shape_attributes":{"name":"rect","x":399,"y":390,"width":190,"height":183},"region_attributes":{"Name":"Bed\n"}},{"shape_attributes":{"name":"rect","x":522,"y":260,"width":86,"height":53},"region_attributes":{"Name":"Light\n"}}],"file_attributes":{}},"A320166_1_En_10_Fig3_HTML.jpg127793":{"filename":"A320166_1_En_10_Fig3_HTML.jpg","size":127793,"regions":[{"shape_attributes":{"name":"rect","x":48,"y":207,"width":270,"height":271},"region_attributes":{"Name":"Bed\n"}},{"shape_attributes":{"name":"rect","x":185,"y":32,"width":95,"height":78},"region_attributes":{"Name":"Light\n"}},{"shape_attributes":{"name":"rect","x":331,"y":8,"width":369,"height":385},"region_attributes":{"Name":"C_arm\n"}},{"shape_attributes":{"name":"rect","x":567,"y":188,"width":252,"height":108},"region_attributes":{"Name":"Bed\n"}}],"file_attributes":{}},"AllStatesMedicalEquipmentDistribution-68050-Care-C-Arm-Machine-blogbanner1_800x.jpg73479":{"filename":"AllStatesMedicalEquipmentDistribution-68050-Care-C-Arm-Machine-blogbanner1_800x.jpg","size":73479,"regions":[{"shape_attributes":{"name":"rect","x":190,"y":287,"width":512,"height":185},"region_attributes":{"Name":"Bed\n"}},{"shape_attributes":{"name":"rect","x":23,"y":23,"width":311,"height":460},"region_attributes":{"Name":"C_arm\n"}}],"file_attributes":{}},"AllStatesMedicalEquipmentDistribution-85142-C-Arm-Technology-blogbanner1_1024x.jpg70185":{"filename":"AllStatesMedicalEquipmentDistribution-85142-C-Arm-Technology-blogbanner1_1024x.jpg","size":70185,"regions":[{"shape_attributes":{"name":"rect","x":5,"y":5,"width":663,"height":599},"region_attributes":{"Name":"C_arm\n"}}],"file_attributes":{}},"AOLn63Hc7yXBMUnWnhQJVY10_5Gdxe8dBEDF9IIGQ8n5s64-c-mo.jpg905":{"filename":"AOLn63Hc7yXBMUnWnhQJVY10_5Gdxe8dBEDF9IIGQ8n5s64-c-mo.jpg","size":905,"regions":[],"file_attributes":{}},"B9780323073233500151_f29-08-9780323073233.jpg187637":{"filename":"B9780323073233500151_f29-08-9780323073233.jpg","size":187637,"regions":[{"shape_attributes":{"name":"rect","x":140,"y":0,"width":207,"height":230},"region_attributes":{"Name":"C_arm\n"}}],"file_attributes":{}},"bann-1.jpg109103":{"filename":"bann-1.jpg","size":109103,"regions":[{"shape_attributes":{"name":"rect","x":270,"y":12,"width":575,"height":637},"region_attributes":{"Name":"C_arm\n"}}],"file_attributes":{}},"C20rameno.jpg18645":{"filename":"C20rameno.jpg","size":18645,"regions":[{"shape_attributes":{"name":"rect","x":54,"y":28,"width":203,"height":168},"region_attributes":{"Name":"C_arm\n"}}],"file_attributes":{}},"carm_012x-min-pxvo7yp8kbybhalg6trmj9w6io6gcrvn3scwkj44h2.jpg45575":{"filename":"carm_012x-min-pxvo7yp8kbybhalg6trmj9w6io6gcrvn3scwkj44h2.jpg","size":45575,"regions":[{"shape_attributes":{"name":"rect","x":31,"y":49,"width":105,"height":264},"region_attributes":{"Name":"C_arm\n"}},{"shape_attributes":{"name":"rect","x":209,"y":50,"width":109,"height":232},"region_attributes":{"Name":"C_arm\n"}}],"file_attributes":{}},"c-arm-drape.tmb-thumb800.png875510":{"filename":"c-arm-drape.tmb-thumb800.png","size":875510,"regions":[{"shape_attributes":{"name":"rect","x":135,"y":59,"width":288,"height":512},"region_attributes":{"Name":"C_arm\n"}},{"shape_attributes":{"name":"rect","x":208,"y":305,"width":315,"height":205},"region_attributes":{"Name":"Bed\n"}},{"shape_attributes":{"name":"rect","x":378,"y":15,"width":139,"height":76},"region_attributes":{"Name":"Light\n"}}],"file_attributes":{}},"C-arm-EA_02-1.jpg206655":{"filename":"C-arm-EA_02-1.jpg","size":206655,"regions":[{"shape_attributes":{"name":"rect","x":271,"y":89,"width":183,"height":284},"region_attributes":{"Name":"C_arm\n"}},{"shape_attributes":{"name":"rect","x":339,"y":245,"width":394,"height":211},"region_attributes":{"Name":"Bed\n"}},{"shape_attributes":{"name":"rect","x":559,"y":40,"width":86,"height":84},"region_attributes":{"Name":"Light\n"}},{"shape_attributes":{"name":"rect","x":339,"y":29,"width":101,"height":66},"region_attributes":{"Name":"Light\n"}}],"file_attributes":{}},"c-arm-scanner-hospital-surgery-white-sterile-room-ray-pointing-patients-neck-52101335.jpg149161":{"filename":"c-arm-scanner-hospital-surgery-white-sterile-room-ray-pointing-patients-neck-52101335.jpg","size":149161,"regions":[{"shape_attributes":{"name":"rect","x":785,"y":113,"width":729,"height":954},"region_attributes":{"Name":"C_arm\n"}},{"shape_attributes":{"name":"rect","x":543,"y":526,"width":675,"height":507},"region_attributes":{"Name":"Bed\n"}}],"file_attributes":{}},"C-arm-surgeon.jpg31489":{"filename":"C-arm-surgeon.jpg","size":31489,"regions":[{"shape_attributes":{"name":"rect","x":15,"y":1,"width":268,"height":37},"region_attributes":{"Name":"Light\n"}}],"file_attributes":{}},"C-Arm-surgery-use-2-1024x683.jpeg51121":{"filename":"C-Arm-surgery-use-2-1024x683.jpeg","size":51121,"regions":[{"shape_attributes":{"name":"rect","x":558,"y":91,"width":219,"height":88},"region_attributes":{"Name":"Light\n"}},{"shape_attributes":{"name":"rect","x":8,"y":177,"width":646,"height":495},"region_attributes":{"Name":"C_arm\n"}},{"shape_attributes":{"name":"rect","x":14,"y":7,"width":762,"height":141},"region_attributes":{"Name":"Light\n"}}],"file_attributes":{}},"-k7cp4zzup8.jpg32637":{"filename":"-k7cp4zzup8.jpg","size":32637,"regions":[{"shape_attributes":{"name":"rect","x":391,"y":3,"width":196,"height":88},"region_attributes":{"Name":"Light\n"}}],"file_attributes":{}}}