{"_via_settings":{"ui":{"annotation_editor_height":25,"annotation_editor_fontsize":0.9,"leftsidebar_width":18,"image_grid":{"img_height":80,"rshape_fill":"none","rshape_fill_opacity":0.3,"rshape_stroke":"yellow","rshape_stroke_width":2,"show_region_shape":true,"show_image_policy":"all"},"image":{"region_label":"__via_region_id__","region_color":"__via_default_region_color__","region_label_font":"10px Sans","on_image_annotation_editor_placement":"NEAR_REGION"}},"core":{"buffer_size":18,"filepath":{},"default_filepath":""},"project":{"name":"via_project_13Jun2023_10h1m"}},"_via_img_metadata":{"3d-rendering-hospital-surgery-room-with-c-arm-machine-and-surgery-robot-2H5A43W.jpg113470":{"filename":"3d-rendering-hospital-surgery-room-with-c-arm-machine-and-surgery-robot-2H5A43W.jpg","size":113470,"regions":[{"shape_attributes":{"name":"rect","x":345,"y":505,"width":652,"height":277},"region_attributes":{"Name":"Bed"}},{"shape_attributes":{"name":"rect","x":13,"y":243,"width":527,"height":568},"region_attributes":{"Name":"C_arm"}},{"shape_attributes":{"name":"rect","x":327,"y":105,"width":677,"height":239},"region_attributes":{"Name":"Light"}}],"file_attributes":{}},"42104.jpg375314":{"filename":"42104.jpg","size":375314,"regions":[{"shape_attributes":{"name":"rect","x":352,"y":50,"width":233,"height":298},"region_attributes":{"Name":"C-arm"}},{"shape_attributes":{"name":"rect","x":215,"y":175,"width":283,"height":217},"region_attributes":{"Name":"Bed"}},{"shape_attributes":{"name":"rect","x":114,"y":2,"width":93,"height":76},"region_attributes":{"Name":"Light"}}],"file_attributes":{}},"1-s2.0-S019567011830553X-gr1.jpg59233":{"filename":"1-s2.0-S019567011830553X-gr1.jpg","size":59233,"regions":[{"shape_attributes":{"name":"rect","x":435,"y":99,"width":144,"height":177},"region_attributes":{"Name":"C_arm"}},{"shape_attributes":{"name":"rect","x":567,"y":198,"width":134,"height":120},"region_attributes":{"Name":"Bed"}}],"file_attributes":{}},"3d-rendering-c-arm-scan-machine-with-surgery-robot_493806-3430.jpg42789":{"filename":"3d-rendering-c-arm-scan-machine-with-surgery-robot_493806-3430.jpg","size":42789,"regions":[{"shape_attributes":{"name":"rect","x":170,"y":216,"width":298,"height":139},"region_attributes":{"Name":"Bed"}},{"shape_attributes":{"name":"rect","x":206,"y":70,"width":215,"height":125},"region_attributes":{"Name":"Light"}},{"shape_attributes":{"name":"rect","x":410,"y":134,"width":209,"height":218},"region_attributes":{"Name":"C_arm"}}],"file_attributes":{}},"3d-rendering-hospital-surgery-room-with-c-arm-machine-and-surgery-robot-2H5A3TP.jpg92755":{"filename":"3d-rendering-hospital-surgery-room-with-c-arm-machine-and-surgery-robot-2H5A3TP.jpg","size":92755,"regions":[{"shape_attributes":{"name":"rect","x":195,"y":343,"width":377,"height":373},"region_attributes":{"Name":"C_arm"}},{"shape_attributes":{"name":"rect","x":468,"y":218,"width":436,"height":171},"region_attributes":{"Name":"Light"}},{"shape_attributes":{"name":"rect","x":434,"y":489,"width":479,"height":213},"region_attributes":{"Name":"Bed"}}],"file_attributes":{}},"3d-rendering-hospital-surgery-room-with-c-arm-machine-and-surgery-robot-2H5A3W1.jpg101660":{"filename":"3d-rendering-hospital-surgery-room-with-c-arm-machine-and-surgery-robot-2H5A3W1.jpg","size":101660,"regions":[{"shape_attributes":{"name":"rect","x":180,"y":263,"width":498,"height":518},"region_attributes":{"Name":"C_arm"}},{"shape_attributes":{"name":"rect","x":459,"y":86,"width":495,"height":259},"region_attributes":{"Name":"Light"}},{"shape_attributes":{"name":"rect","x":493,"y":450,"width":459,"height":250},"region_attributes":{"Name":"Bed"}}],"file_attributes":{}},"10.1177_1938640013514268-fig4.jpeg359832":{"filename":"10.1177_1938640013514268-fig4.jpeg","size":359832,"regions":[{"shape_attributes":{"name":"rect","x":254,"y":74,"width":309,"height":448},"region_attributes":{"Name":"C_arm"}}],"file_attributes":{}},"10.1177_2325967118801275-fig1.jpeg354225":{"filename":"10.1177_2325967118801275-fig1.jpeg","size":354225,"regions":[{"shape_attributes":{"name":"rect","x":744,"y":249,"width":708,"height":868},"region_attributes":{"Name":"C_arm"}},{"shape_attributes":{"name":"rect","x":273,"y":546,"width":802,"height":489},"region_attributes":{"Name":"Bed"}},{"shape_attributes":{"name":"rect","x":393,"y":2,"width":981,"height":285},"region_attributes":{"Name":"Light"}}],"file_attributes":{}},"11.jpg163487":{"filename":"11.jpg","size":163487,"regions":[{"shape_attributes":{"name":"rect","x":198,"y":71,"width":228,"height":133},"region_attributes":{"Name":"Light"}},{"shape_attributes":{"name":"rect","x":447,"y":138,"width":548,"height":523},"region_attributes":{"Name":"C_arm"}},{"shape_attributes":{"name":"rect","x":280,"y":310,"width":458,"height":316},"region_attributes":{"Name":"Bed"}}],"file_attributes":{}},"18-The-C-Arm-is-in-the-Operating-Room.jpg371850":{"filename":"18-The-C-Arm-is-in-the-Operating-Room.jpg","size":371850,"regions":[{"shape_attributes":{"name":"rect","x":71,"y":4,"width":1067,"height":983},"region_attributes":{"Name":"C_arm"}},{"shape_attributes":{"name":"rect","x":856,"y":674,"width":641,"height":321},"region_attributes":{"Name":"Bed"}}],"file_attributes":{}},"122.jpg110698":{"filename":"122.jpg","size":110698,"regions":[{"shape_attributes":{"name":"rect","x":259,"y":3,"width":306,"height":160},"region_attributes":{"Name":"Lights"}},{"shape_attributes":{"name":"rect","x":502,"y":140,"width":517,"height":540},"region_attributes":{"Name":"C_arm"}},{"shape_attributes":{"name":"rect","x":147,"y":305,"width":480,"height":303},"region_attributes":{"Name":"Bed"}}],"file_attributes":{}},"2058-5241.3.170055-fig1.jpeg577434":{"filename":"2058-5241.3.170055-fig1.jpeg","size":577434,"regions":[{"shape_attributes":{"name":"rect","x":224,"y":32,"width":635,"height":716},"region_attributes":{"Name":"C_arm"}}],"file_attributes":{}},"12891_2022_6026_Fig1_HTML.png358408":{"filename":"12891_2022_6026_Fig1_HTML.png","size":358408,"regions":[{"shape_attributes":{"name":"rect","x":3,"y":12,"width":458,"height":350},"region_attributes":{"Name":"C_arm"}},{"shape_attributes":{"name":"rect","x":331,"y":155,"width":353,"height":221},"region_attributes":{"Name":"Bed"}}],"file_attributes":{}},"130207-F-YT824-095.JPG.jpg6218132":{"filename":"130207-F-YT824-095.JPG.jpg","size":6218132,"regions":[{"shape_attributes":{"name":"rect","x":1752,"y":26,"width":916,"height":519},"region_attributes":{"Name":"Light"}},{"shape_attributes":{"name":"rect","x":1196,"y":498,"width":1498,"height":2329},"region_attributes":{"Name":"C_arm"}},{"shape_attributes":{"name":"rect","x":2102,"y":985,"width":2128,"height":1599},"region_attributes":{"Name":"Bed"}}],"file_attributes":{}},"20160809_132857-OR-10-with-bed.jpg3976869":{"filename":"20160809_132857-OR-10-with-bed.jpg","size":3976869,"regions":[{"shape_attributes":{"name":"rect","x":2625,"y":1223,"width":1262,"height":1408},"region_attributes":{"Name":"Bed"}},{"shape_attributes":{"name":"rect","x":2167,"y":101,"width":447,"height":849},"region_attributes":{"Name":"Light"}},{"shape_attributes":{"name":"rect","x":3592,"y":480,"width":648,"height":486},"region_attributes":{"Name":"Light"}}],"file_attributes":{}},"20200123_030156_942025_xquan-carm.max-1800x1800.jpg66956":{"filename":"20200123_030156_942025_xquan-carm.max-1800x1800.jpg","size":66956,"regions":[{"shape_attributes":{"name":"rect","x":26,"y":15,"width":668,"height":638},"region_attributes":{"Name":"C_arm"}},{"shape_attributes":{"name":"rect","x":458,"y":310,"width":201,"height":316},"region_attributes":{"Name":"Bed"}}],"file_attributes":{}},"129450166_726022191662356_7288607666430130105_n.jpg68486":{"filename":"129450166_726022191662356_7288607666430130105_n.jpg","size":68486,"regions":[{"shape_attributes":{"name":"rect","x":59,"y":48,"width":749,"height":748},"region_attributes":{"Name":"C_arm"}},{"shape_attributes":{"name":"rect","x":168,"y":0,"width":276,"height":121},"region_attributes":{"Name":"Light"}},{"shape_attributes":{"name":"rect","x":9,"y":274,"width":365,"height":242},"region_attributes":{"Name":"Bed"}}],"file_attributes":{}},"137361872-3d-rendering-hospital-surgery-room-with-c-arm-machine-and-surgery-robot-isometric.jpg34326":{"filename":"137361872-3d-rendering-hospital-surgery-room-with-c-arm-machine-and-surgery-robot-isometric.jpg","size":34326,"regions":[{"shape_attributes":{"name":"rect","x":740,"y":419,"width":219,"height":173},"region_attributes":{"Name":"C_arm"}},{"shape_attributes":{"name":"rect","x":580,"y":496,"width":294,"height":170},"region_attributes":{"Name":"Bed"}},{"shape_attributes":{"name":"rect","x":653,"y":299,"width":126,"height":159},"region_attributes":{"Name":"Light"}}],"file_attributes":{}},"16842946772554395.png797403":{"filename":"16842946772554395.png","size":797403,"regions":[{"shape_attributes":{"name":"rect","x":335,"y":107,"width":226,"height":306},"region_attributes":{"Name":"C_arm"}},{"shape_attributes":{"name":"rect","x":217,"y":0,"width":298,"height":128},"region_attributes":{"Name":"Light"}},{"shape_attributes":{"name":"rect","x":153,"y":216,"width":378,"height":178},"region_attributes":{"Name":"Bed"}}],"file_attributes":{}}},"_via_attributes":{"region":{"Name":{"type":"text","description":"","default_value":""}},"file":{}},"_via_data_format_version":"2.0.10","_via_image_id_list":["3d-rendering-hospital-surgery-room-with-c-arm-machine-and-surgery-robot-2H5A43W.jpg113470","42104.jpg375314","1-s2.0-S019567011830553X-gr1.jpg59233","3d-rendering-c-arm-scan-machine-with-surgery-robot_493806-3430.jpg42789","3d-rendering-hospital-surgery-room-with-c-arm-machine-and-surgery-robot-2H5A3TP.jpg92755","3d-rendering-hospital-surgery-room-with-c-arm-machine-and-surgery-robot-2H5A3W1.jpg101660","10.1177_1938640013514268-fig4.jpeg359832","10.1177_2325967118801275-fig1.jpeg354225","11.jpg163487","18-The-C-Arm-is-in-the-Operating-Room.jpg371850","122.jpg110698","2058-5241.3.170055-fig1.jpeg577434","12891_2022_6026_Fig1_HTML.png358408","130207-F-YT824-095.JPG.jpg6218132","20160809_132857-OR-10-with-bed.jpg3976869","20200123_030156_942025_xquan-carm.max-1800x1800.jpg66956","129450166_726022191662356_7288607666430130105_n.jpg68486","137361872-3d-rendering-hospital-surgery-room-with-c-arm-machine-and-surgery-robot-isometric.jpg34326","16842946772554395.png797403"]}